Category,Filename,URL,Resolution
Vintage Cameras,Vintage_Cameras_1.jpg,https://encrypted-tbn0.gstatic.com/images?q=tbn:ANd9GcRhY_Fr9y_YrTJbvTPnu5YcrJ8pZNZPPrDxMQ&s,185x273
Vintage Cameras,Vintage_Cameras_2.jpg,https://encrypted-tbn0.gstatic.com/images?q=tbn:ANd9GcQlORAzXGktNSwvp4Jk9HOXE1kmXcE7jlSiDQ&s,225x225
Vintage Cameras,Vintage_Cameras_3.jpg,"https://encrypted-tbn1.gstatic.com/faviconV2?url=https://www.instagram.com&client=IMAGE_SEARCH&size=16&type=FAVICON&fallback_opts=TYPE,SIZE,URL",16x16
Vintage Cameras,Vintage_Cameras_4.jpg,https://encrypted-tbn0.gstatic.com/images?q=tbn:ANd9GcSeH5oEWd5LKtsoEW06F7zfsKVJF6sgje93JA&s,276x183
Vintage Cameras,Vintage_Cameras_5.jpg,https://encrypted-tbn0.gstatic.com/images?q=tbn:ANd9GcSQW1stO1lAngMTbZUx-WLHz8-tvCFMiwPdfw&s,225x225
Vintage Cameras,Vintage_Cameras_6.jpg,https://encrypted-tbn0.gstatic.com/images?q=tbn:ANd9GcQqcEOuO9NJJ6rav24-QOtgCox2z7GLbJDVgA&s,225x225
Vintage Cameras,Vintage_Cameras_7.jpg,https://encrypted-tbn0.gstatic.com/images?q=tbn:ANd9GcQF9JnZ0HO2EQXu_9XdY6OmHV7ia4E7_YlKIw&s,259x194
Vintage Cameras,Vintage_Cameras_8.jpg,https://encrypted-tbn0.gstatic.com/images?q=tbn:ANd9GcSRz9mvYmQ0Ujt5AEbyborSTLBhUElgZeXvhg&s,277x182
Vintage Cameras,Vintage_Cameras_9.jpg,"https://encrypted-tbn1.gstatic.com/faviconV2?url=https://stock.adobe.com&client=IMAGE_SEARCH&size=16&type=FAVICON&fallback_opts=TYPE,SIZE,URL",16x16
Vintage Cameras,Vintage_Cameras_10.jpg,https://encrypted-tbn0.gstatic.com/images?q=tbn:ANd9GcQMqNu_VEUgp7Ts6MZUM1tBawGGYa9wrXvieg&s,318x159
Vintage Cameras,Vintage_Cameras_11.jpg,"https://encrypted-tbn0.gstatic.com/faviconV2?url=https://filmcamerastore.co.uk&client=IMAGE_SEARCH&size=16&type=FAVICON&fallback_opts=TYPE,SIZE,URL",16x16
Vintage Cameras,Vintage_Cameras_12.jpg,"https://encrypted-tbn0.gstatic.com/faviconV2?url=https://www.wgcitizenship.com&client=IMAGE_SEARCH&size=16&type=FAVICON&fallback_opts=TYPE,SIZE,URL",16x16
Vintage Cameras,Vintage_Cameras_13.jpg,https://encrypted-tbn0.gstatic.com/images?q=tbn:ANd9GcTQIQ3QjKx3FV1Aiz3LLCHD8BN0n7xwXI6m7w&s,266x190
Vintage Cameras,Vintage_Cameras_14.jpg,https://encrypted-tbn0.gstatic.com/images?q=tbn:ANd9GcSjeDiKpcjN12_sn4UpZCIxtnvGlzuRr_e5tQ&s,201x251
Vintage Cameras,Vintage_Cameras_15.jpg,https://encrypted-tbn0.gstatic.com/images?q=tbn:ANd9GcQuOc2Y1taFDg9yJV02PoS55X_JTcnZo1380A&s,194x259
Vintage Cameras,Vintage_Cameras_16.jpg,https://encrypted-tbn0.gstatic.com/images?q=tbn:ANd9GcTjiqSpPWTvSqmxDcqXhuUuU8FG1X6k7h7Lew&s,275x183
Vintage Cameras,Vintage_Cameras_17.jpg,https://encrypted-tbn0.gstatic.com/images?q=tbn:ANd9GcS8vXuK85QHtd2sLI_EuIelWaRPMUQLLx3gkg&s,255x197
Vintage Cameras,Vintage_Cameras_18.jpg,https://encrypted-tbn0.gstatic.com/images?q=tbn:ANd9GcR4R3rNoIsjReRdL2c6zLcuXX4c0gYmS8mLCQ&s,259x194
Vintage Cameras,Vintage_Cameras_19.jpg,https://encrypted-tbn0.gstatic.com/images?q=tbn:ANd9GcSDrkaY0WVUyMRL6hsSELOrmYcVOf0-cc_5yg&s,323x156
Vintage Cameras,Vintage_Cameras_20.jpg,https://encrypted-tbn0.gstatic.com/images?q=tbn:ANd9GcSyDJGCJEVyevVw3djAhrix6RyFwJUGkcpKZA&s,194x259
Vintage Cameras,Vintage_Cameras_21.jpg,"https://encrypted-tbn2.gstatic.com/faviconV2?url=https://www.thecoolist.com&client=IMAGE_SEARCH&size=16&type=FAVICON&fallback_opts=TYPE,SIZE,URL",16x16
Vintage Cameras,Vintage_Cameras_22.jpg,https://encrypted-tbn0.gstatic.com/images?q=tbn:ANd9GcTFLoMOMwHHOOZ0KXYdoaamaQdaSNCU2PO_Cw&s,362x139
Vintage Cameras,Vintage_Cameras_23.jpg,https://encrypted-tbn0.gstatic.com/images?q=tbn:ANd9GcTZH4Y9EwSbABacB5YG8of45vB0ya7JQ642XQ&s,277x182
Vintage Cameras,Vintage_Cameras_24.jpg,"https://encrypted-tbn3.gstatic.com/faviconV2?url=https://vintagecameras.in&client=IMAGE_SEARCH&size=16&type=FAVICON&fallback_opts=TYPE,SIZE,URL",16x16
Vintage Cameras,Vintage_Cameras_25.jpg,https://encrypted-tbn0.gstatic.com/images?q=tbn:ANd9GcTvxO_C3dG0FixLRrCqHCl4gVbIF0eh_eafPw&s,183x275
Vintage Cameras,Vintage_Cameras_26.jpg,https://encrypted-tbn0.gstatic.com/images?q=tbn:ANd9GcQzsVHVnp3id_DpQbIASeWa0sRibTI26QQSCg&s,275x183
Vintage Cameras,Vintage_Cameras_27.jpg,https://encrypted-tbn0.gstatic.com/images?q=tbn:ANd9GcTTg22P-jcRxUtsKCGaBM9RUshcidLxEkiuSw&s,275x183
Vintage Cameras,Vintage_Cameras_28.jpg,https://encrypted-tbn0.gstatic.com/images?q=tbn:ANd9GcRpSgOoH5gDp3KPewwOpCfwIB-6nI0aFI-t9Q&s,272x185
Vintage Cameras,Vintage_Cameras_29.jpg,https://encrypted-tbn0.gstatic.com/images?q=tbn:ANd9GcQAkzVXmApwwN6R7BPXZmcQa51GVp7hp50-nA&s,301x168
Vintage Cameras,Vintage_Cameras_30.jpg,https://encrypted-tbn0.gstatic.com/images?q=tbn:ANd9GcSV_s9qIaEdeg9ozndQC5jiZCt_hpVBqFgUMg&s,259x194
Vintage Cameras,Vintage_Cameras_31.jpg,https://encrypted-tbn0.gstatic.com/images?q=tbn:ANd9GcRlTPQADTphnn_Y7tjxjstzwfYvKkhAYqrKZD8uFSNL6d4XA1oGdh9X&s=0,50x50
Vintage Cameras,Vintage_Cameras_32.jpg,https://encrypted-tbn0.gstatic.com/images?q=tbn:ANd9GcTk8rwxSeSD2sXWh1nFy3QNvRyozCetZPkjew&s,275x183
Vintage Cameras,Vintage_Cameras_33.jpg,https://encrypted-tbn0.gstatic.com/images?q=tbn:ANd9GcS37z-lsu8j-b5XmbgE9qQ1zQHLRvRUcdSfOQ&s,187x269
Vintage Cameras,Vintage_Cameras_34.jpg,https://encrypted-tbn0.gstatic.com/images?q=tbn:ANd9GcQNqGsqfJDC9a083UZINaaOfdMGwJQyy4AHMJKakzJUFIAuj8Qv0kPw&s=0,50x50
Vintage Cameras,Vintage_Cameras_35.jpg,https://encrypted-tbn0.gstatic.com/images?q=tbn:ANd9GcQcOIE-CuHJne831_mEEvnosbezAGrc_moXOWsg6Vmun2m6Na8k-EfmbudJ&s,46x46
Vintage Cameras,Vintage_Cameras_36.jpg,https://encrypted-tbn0.gstatic.com/images?q=tbn:ANd9GcRpzG7dKWs4Gz5zyNkZ-0LpFO9F5sLCV7b-YQ&s,275x183
Vintage Cameras,Vintage_Cameras_37.jpg,https://encrypted-tbn0.gstatic.com/images?q=tbn:ANd9GcQMb1QheYa8wYf10LvrKJQk6tXKKNoYkIpblQ&s,225x225
Vintage Cameras,Vintage_Cameras_38.jpg,"https://encrypted-tbn1.gstatic.com/faviconV2?url=https://www.katebackdrop.com&client=IMAGE_SEARCH&size=16&type=FAVICON&fallback_opts=TYPE,SIZE,URL",16x16
Vintage Cameras,Vintage_Cameras_39.jpg,https://encrypted-tbn0.gstatic.com/images?q=tbn:ANd9GcQulpA5xPvRy_E4NEq38eyymwZxLnT889QDdqrwgj71-lrph3-AQhIWFu3u&s,73x46
Vintage Cameras,Vintage_Cameras_40.jpg,https://encrypted-tbn0.gstatic.com/images?q=tbn:ANd9GcRa2BlBPr2TLyRqo_Fs53xl-731SFoBuPt_R2gJ5YzVU6CEoAc7qEIW--rs&s,46x50
Vintage Cameras,Vintage_Cameras_41.jpg,https://encrypted-tbn0.gstatic.com/images?q=tbn:ANd9GcQ2TT0tM4PtiFb1qezjLu71nXmTfF0FIyTVUw&s,183x275
Vintage Cameras,Vintage_Cameras_43.jpg,https://encrypted-tbn0.gstatic.com/images?q=tbn:ANd9GcRKsU11B_rZOCvYDrB390gjTdNAmUZtnGlrNw&s,263x192
Vintage Cameras,Vintage_Cameras_44.jpg,https://encrypted-tbn0.gstatic.com/images?q=tbn:ANd9GcRmtBLZpuRGafaZvkXI0MMkP9uJR9fE-QvHMQ&s,178x283
Vintage Cameras,Vintage_Cameras_45.jpg,https://encrypted-tbn0.gstatic.com/images?q=tbn:ANd9GcS6LKLGdBrt6mviQNrhaOUTIXp9x_qYwudmIzWxqId1&s=0,50x50
Vintage Cameras,Vintage_Cameras_46.jpg,https://encrypted-tbn0.gstatic.com/images?q=tbn:ANd9GcQ9KhUG9gy1X-pcVqKG1aOcAGHmylylfFicJkCcwIciRVu0T_MXE0kPCqe3&s,72x46
Vintage Cameras,Vintage_Cameras_47.jpg,https://encrypted-tbn0.gstatic.com/images?q=tbn:ANd9GcTJ2RBdoTF-wrj-ncTuK_ebCzJqtN3qM1EF6A&s,260x194
Vintage Cameras,Vintage_Cameras_48.jpg,https://encrypted-tbn0.gstatic.com/images?q=tbn:ANd9GcQmMsIghcT_E6kRr6JGOL4sRzWSXceXAbvTGA&s,225x225
Vintage Cameras,Vintage_Cameras_49.jpg,https://encrypted-tbn0.gstatic.com/images?q=tbn:ANd9GcSDOdaAFg90IFeNTxXSyVbkZO8k73gpsIWLy9fDHWxSqEVuBmVLMCSaqtqE&s,69x46
Vintage Cameras,Vintage_Cameras_50.jpg,https://encrypted-tbn0.gstatic.com/images?q=tbn:ANd9GcS0XRfREQNWB6n4r00mzLDahyaRMR-DtUPRDZuJiggyq5uFfOifYEMEb1BV&s,46x46
Underwater Coral Reefs,Underwater_Coral_Reefs_1.jpg,"https://encrypted-tbn2.gstatic.com/faviconV2?url=https://regeneration.org&client=IMAGE_SEARCH&size=16&type=FAVICON&fallback_opts=TYPE,SIZE,URL",16x16
Underwater Coral Reefs,Underwater_Coral_Reefs_2.jpg,https://encrypted-tbn0.gstatic.com/images?q=tbn:ANd9GcTpLllcEh3WSEAVWkdFjtnCR5PxaBK-4ODwZw&s,259x194
Underwater Coral Reefs,Underwater_Coral_Reefs_3.jpg,"https://encrypted-tbn2.gstatic.com/faviconV2?url=https://www.bbc.com&client=IMAGE_SEARCH&size=16&type=FAVICON&fallback_opts=TYPE,SIZE,URL",16x16
Underwater Coral Reefs,Underwater_Coral_Reefs_4.jpg,https://encrypted-tbn0.gstatic.com/images?q=tbn:ANd9GcSMQ32YhjvzQixkAgOXsN9sdMku4h7625ofWA&s,275x183
Underwater Coral Reefs,Underwater_Coral_Reefs_5.jpg,https://encrypted-tbn0.gstatic.com/images?q=tbn:ANd9GcR5eBilWLF7J_06DAA9A_A15RD02SbXIIWkcQ&s,266x190
Underwater Coral Reefs,Underwater_Coral_Reefs_6.jpg,https://encrypted-tbn0.gstatic.com/images?q=tbn:ANd9GcSafAIn0yV7O-42Ko636ENgbcnhwSo74nWg9g&s,300x168
Underwater Coral Reefs,Underwater_Coral_Reefs_7.jpg,https://encrypted-tbn0.gstatic.com/images?q=tbn:ANd9GcQVg5WQ5tbKENj6teIldbrfZ5bW7fDjb0MvcA&s,389x129
Underwater Coral Reefs,Underwater_Coral_Reefs_8.jpg,https://encrypted-tbn0.gstatic.com/images?q=tbn:ANd9GcSExLDPr6E_iMNvc_GkbjFKWmXFvPU48T3mXA&s,300x168
Underwater Coral Reefs,Underwater_Coral_Reefs_9.jpg,https://encrypted-tbn0.gstatic.com/images?q=tbn:ANd9GcT1qICHdVbHKAPRTw4Da08gx63du9EDKRO_WA&s,275x183
Underwater Coral Reefs,Underwater_Coral_Reefs_10.jpg,https://encrypted-tbn0.gstatic.com/images?q=tbn:ANd9GcRY8_m41c-bGpztvUObpK717PJWenJRIK2iw7_eXtagVPMDluwbn4PIj4HL&s,46x46
Underwater Coral Reefs,Underwater_Coral_Reefs_11.jpg,https://encrypted-tbn0.gstatic.com/images?q=tbn:ANd9GcQzc3sOllHUfAuKdV9C9YOIhj9S-WQDm4bdcg&s,283x178
Underwater Coral Reefs,Underwater_Coral_Reefs_12.jpg,"https://encrypted-tbn0.gstatic.com/faviconV2?url=https://vocal.media&client=IMAGE_SEARCH&size=16&type=FAVICON&fallback_opts=TYPE,SIZE,URL",16x16
Underwater Coral Reefs,Underwater_Coral_Reefs_13.jpg,https://encrypted-tbn0.gstatic.com/images?q=tbn:ANd9GcRVKoMV3L0dRK4S0anoT3lUgrGWcNJ4BK3_8Q&s,210x240
Underwater Coral Reefs,Underwater_Coral_Reefs_14.jpg,https://encrypted-tbn0.gstatic.com/images?q=tbn:ANd9GcTwNuZH2CoohcXvbuZgoGz50lzzS0RQlUd6Bg&s,274x184
Underwater Coral Reefs,Underwater_Coral_Reefs_15.jpg,https://encrypted-tbn0.gstatic.com/images?q=tbn:ANd9GcS3ZpKyjyrb2pjvsoKfl8U9rP_5st68D79-Ew&s,275x183
Underwater Coral Reefs,Underwater_Coral_Reefs_16.jpg,"https://encrypted-tbn3.gstatic.com/faviconV2?url=https://m.economictimes.com&client=IMAGE_SEARCH&size=16&type=FAVICON&fallback_opts=TYPE,SIZE,URL",16x16
Underwater Coral Reefs,Underwater_Coral_Reefs_17.jpg,"https://encrypted-tbn2.gstatic.com/faviconV2?url=https://www.nationalgeographic.com&client=IMAGE_SEARCH&size=16&type=FAVICON&fallback_opts=TYPE,SIZE,URL",16x16
Underwater Coral Reefs,Underwater_Coral_Reefs_18.jpg,https://encrypted-tbn0.gstatic.com/images?q=tbn:ANd9GcRP9hStpn316PJPP5OrVsug_z3HN5nGnOd6lg&s,299x168
Underwater Coral Reefs,Underwater_Coral_Reefs_19.jpg,https://encrypted-tbn0.gstatic.com/images?q=tbn:ANd9GcSmh3HOmDcrQvz6KJBodvRSlgMhfv4u9i2EEw&s,275x183
Underwater Coral Reefs,Underwater_Coral_Reefs_20.jpg,https://encrypted-tbn0.gstatic.com/images?q=tbn:ANd9GcTeAmSxdNY6FhbvngKyYpV1311ch8vZOWLFNAvfUXFyTZCT6jQTrcc9I95v&s,46x46
Underwater Coral Reefs,Underwater_Coral_Reefs_21.jpg,https://encrypted-tbn0.gstatic.com/images?q=tbn:ANd9GcRnXPJGI71k8Y4oNg7f2q6c8YxznxKppZNDLQ&s,300x168
Underwater Coral Reefs,Underwater_Coral_Reefs_22.jpg,https://encrypted-tbn0.gstatic.com/images?q=tbn:ANd9GcRrihLl8Gv-pXNRNC7Y24VryDh8z0m2nzG4EPdNKUOlXmJ-hhAuHpIM&s=0,50x50
Underwater Coral Reefs,Underwater_Coral_Reefs_23.jpg,https://encrypted-tbn0.gstatic.com/images?q=tbn:ANd9GcScKjqsqITp11z9HhpC5qpxkAM5044HJ40RVQ&s,300x168
Underwater Coral Reefs,Underwater_Coral_Reefs_24.jpg,"https://encrypted-tbn2.gstatic.com/faviconV2?url=https://www.istockphoto.com&client=IMAGE_SEARCH&size=16&type=FAVICON&fallback_opts=TYPE,SIZE,URL",16x16
Underwater Coral Reefs,Underwater_Coral_Reefs_25.jpg,https://encrypted-tbn0.gstatic.com/images?q=tbn:ANd9GcQxjl1F7N-1XKu0O0EK4febMw5zo499eHTzdQ&s,275x183
Underwater Coral Reefs,Underwater_Coral_Reefs_26.jpg,https://encrypted-tbn0.gstatic.com/images?q=tbn:ANd9GcSQ1azlP-gf0khQrSU8b_3kYnA0lcH3XOkmxA&s,301x167
Underwater Coral Reefs,Underwater_Coral_Reefs_27.jpg,https://encrypted-tbn0.gstatic.com/images?q=tbn:ANd9GcSTZzpkFUGcDyuJC2KojEowKVHbUeuFZWe15Q&s,225x225
Underwater Coral Reefs,Underwater_Coral_Reefs_28.jpg,https://encrypted-tbn0.gstatic.com/images?q=tbn:ANd9GcRVY3QKcznHiPWTvIK4J9Kvw5DiMxnABZGLYw&s,310x163
Underwater Coral Reefs,Underwater_Coral_Reefs_29.jpg,https://encrypted-tbn0.gstatic.com/images?q=tbn:ANd9GcT23CGD5Figo_xC7CTd05CpAVa2Viq9nbrZ6g&s,275x183
Underwater Coral Reefs,Underwater_Coral_Reefs_30.jpg,"https://encrypted-tbn0.gstatic.com/faviconV2?url=https://www.citrusreef.com&client=IMAGE_SEARCH&size=16&type=FAVICON&fallback_opts=TYPE,SIZE,URL",16x16
Underwater Coral Reefs,Underwater_Coral_Reefs_31.jpg,https://encrypted-tbn0.gstatic.com/images?q=tbn:ANd9GcQpZN4Uu7azEvoCdu2y8COdAqCS9yT0P2jf144_eL9LXp920ErYAnXh9_7t&s,46x46
Underwater Coral Reefs,Underwater_Coral_Reefs_32.jpg,https://encrypted-tbn0.gstatic.com/images?q=tbn:ANd9GcQiBkZOykJlBIy5ndjnSydwO7hASYvgm9Gptg&s,300x168
Underwater Coral Reefs,Underwater_Coral_Reefs_33.jpg,https://encrypted-tbn0.gstatic.com/images?q=tbn:ANd9GcT9sfbYtFMVCoHZaFW9PPlxB2Nl8lW51H6H3ANMlqiOgzWVOFsD34dcXfTR&s,69x46
Underwater Coral Reefs,Underwater_Coral_Reefs_34.jpg,https://encrypted-tbn0.gstatic.com/images?q=tbn:ANd9GcSPsFb6iKIRt7It8IPX_nVrUW7ENBiXKbOo2g&s,318x159
Underwater Coral Reefs,Underwater_Coral_Reefs_35.jpg,https://encrypted-tbn0.gstatic.com/images?q=tbn:ANd9GcTHwqvl8EYZTWhyqCRNk9QlRvr-Cl_HL_nUsQ&s,310x163
Underwater Coral Reefs,Underwater_Coral_Reefs_36.jpg,https://encrypted-tbn0.gstatic.com/images?q=tbn:ANd9GcTzfizpWNpIHktZ_1BCjbqx3_pUSDaZRQEFxA&s,275x183
Underwater Coral Reefs,Underwater_Coral_Reefs_37.jpg,https://encrypted-tbn0.gstatic.com/images?q=tbn:ANd9GcSMSQq_fhPUJS4HYaeULnzHFRVAIJxtKWBRzw&s,266x189
Underwater Coral Reefs,Underwater_Coral_Reefs_38.jpg,https://encrypted-tbn0.gstatic.com/images?q=tbn:ANd9GcTWrP1HWudi59doNfEJXJ86hyXrcsCuRNWzLQ&s,300x168
Underwater Coral Reefs,Underwater_Coral_Reefs_39.jpg,https://encrypted-tbn0.gstatic.com/images?q=tbn:ANd9GcQqr-wEoq52WvG9vFuiyNG3Yfegn3pNV93iaArEX-w3hZn_8Z5BiMLbzsZu&s,59x46
Underwater Coral Reefs,Underwater_Coral_Reefs_40.jpg,"https://encrypted-tbn3.gstatic.com/faviconV2?url=https://www.visitsealife.com&client=IMAGE_SEARCH&size=16&type=FAVICON&fallback_opts=TYPE,SIZE,URL",16x16
Underwater Coral Reefs,Underwater_Coral_Reefs_41.jpg,https://encrypted-tbn0.gstatic.com/images?q=tbn:ANd9GcTZjI4D3JQEwg9zvCUZzu3ySIImU-VDNpy3oQ&s,281x179
Underwater Coral Reefs,Underwater_Coral_Reefs_43.jpg,https://encrypted-tbn0.gstatic.com/images?q=tbn:ANd9GcTI7O7jCGp_d0GMl_SFlCGQ7aT-KtCpsyxzftyL3RbhZU5k-8YIO0fy&s=0,50x50
Underwater Coral Reefs,Underwater_Coral_Reefs_44.jpg,https://encrypted-tbn0.gstatic.com/images?q=tbn:ANd9GcQ2DlIP_27OcuudOtzOqEzQ8qIWuHh4tHXLR2ovOBb4gfGotFHxe4eYirKc&s,69x46
Underwater Coral Reefs,Underwater_Coral_Reefs_45.jpg,"https://encrypted-tbn2.gstatic.com/faviconV2?url=https://www.bluewaterdivetravel.com&client=IMAGE_SEARCH&size=16&type=FAVICON&fallback_opts=TYPE,SIZE,URL",16x16
Underwater Coral Reefs,Underwater_Coral_Reefs_46.jpg,https://encrypted-tbn0.gstatic.com/images?q=tbn:ANd9GcTxKL8bB_GqTd45eDQLrKwsfQi9-ClnAGJdAQ&s,300x168
Underwater Coral Reefs,Underwater_Coral_Reefs_47.jpg,https://encrypted-tbn0.gstatic.com/images?q=tbn:ANd9GcRW-GeIno-QiUjNbBDS5vvv9xHUiZeFfRepMg&s,183x275
Underwater Coral Reefs,Underwater_Coral_Reefs_48.jpg,https://encrypted-tbn0.gstatic.com/images?q=tbn:ANd9GcTgvA7nynuW1FBgLygUZf5_dNaM03Ym74y0a8UjhQ_ANMKlOrM7jbfn&s=0,50x50
Underwater Coral Reefs,Underwater_Coral_Reefs_49.jpg,"https://encrypted-tbn3.gstatic.com/faviconV2?url=https://www.outsideonline.com&client=IMAGE_SEARCH&size=16&type=FAVICON&fallback_opts=TYPE,SIZE,URL",16x16
Underwater Coral Reefs,Underwater_Coral_Reefs_50.jpg,https://encrypted-tbn0.gstatic.com/images?q=tbn:ANd9GcRV4YNUMhkrzg8-gO8R8PoaKUrtQT0YBY06LA&s,300x168
Street Art Murals,Street_Art_Murals_1.jpg,https://encrypted-tbn0.gstatic.com/images?q=tbn:ANd9GcRLnrahvPMVkGO2-QjqfDHBkeS23nx0rTpVAfVZMka8fN1QSUpu28wkDlCK&s,61x46
Street Art Murals,Street_Art_Murals_2.jpg,https://encrypted-tbn0.gstatic.com/images?q=tbn:ANd9GcTUR24gvxbAoCVphSEsEcMIozaoW3w5CcgtrQ&s,190x266
Street Art Murals,Street_Art_Murals_3.jpg,https://encrypted-tbn0.gstatic.com/images?q=tbn:ANd9GcRiIuP6CYWX9fCPO7kZqJjZV0-uWUjHFWjIuw&s,355x142
Street Art Murals,Street_Art_Murals_4.jpg,https://encrypted-tbn0.gstatic.com/images?q=tbn:ANd9GcStXYlZVOJd7qeqTJsCeSvZL4C7d3xe8R7R_B63mwvH_X2olCsATPy3&s=0,50x50
Street Art Murals,Street_Art_Murals_5.jpg,"https://encrypted-tbn2.gstatic.com/faviconV2?url=https://www.photowall.co.uk&client=IMAGE_SEARCH&size=16&type=FAVICON&fallback_opts=TYPE,SIZE,URL",16x16
Street Art Murals,Street_Art_Murals_6.jpg,https://encrypted-tbn0.gstatic.com/images?q=tbn:ANd9GcT4vgPt1NOhOGLdbrDMyWq3LR-q_-jX10icrQ&s,305x165
Street Art Murals,Street_Art_Murals_7.jpg,https://encrypted-tbn0.gstatic.com/images?q=tbn:ANd9GcRynXm1j7iwF6LLab-ElIF0JkKoenJrSmIER2Co_pnxiouQc7XfFhKBopUY&s,46x69
Street Art Murals,Street_Art_Murals_8.jpg,https://encrypted-tbn0.gstatic.com/images?q=tbn:ANd9GcSW-9TKoQn7OLIefWFnSt5yZkPnlIFuWm8B3A&s,275x183
Street Art Murals,Street_Art_Murals_9.jpg,https://encrypted-tbn0.gstatic.com/images?q=tbn:ANd9GcROxdaWVuZYpwmJi-AoIbcMxAOoAwt86zkbEhftu6c7uHYWplrxh13zRwa7&s,62x46
Street Art Murals,Street_Art_Murals_10.jpg,https://encrypted-tbn0.gstatic.com/images?q=tbn:ANd9GcTt44Wfmx1s3FrAesrFLtZMSj6GyykHwp-VPXPI_pGFJwPVtfbL03F7VpNL&s,46x61
Street Art Murals,Street_Art_Murals_11.jpg,https://encrypted-tbn0.gstatic.com/images?q=tbn:ANd9GcSxdgH1sK8jrvTaWnJljkjByyt6Y837KPiOlwwLid4HlaepeJ-tE_DD&s=0,50x50
Street Art Murals,Street_Art_Murals_12.jpg,https://encrypted-tbn0.gstatic.com/images?q=tbn:ANd9GcTdhGNvJ309sScGsw62brm_VkyvWYdw7IK3cA&s,275x183
Street Art Murals,Street_Art_Murals_13.jpg,"https://encrypted-tbn2.gstatic.com/faviconV2?url=https://www.reddit.com&client=IMAGE_SEARCH&size=16&type=FAVICON&fallback_opts=TYPE,SIZE,URL",16x16
Street Art Murals,Street_Art_Murals_14.jpg,https://encrypted-tbn0.gstatic.com/images?q=tbn:ANd9GcTz8yA61RxQq7-A2Kf-55NbpQ0OJgGD_lhubZfLBziQL733Sz8W0wW3Gi8R&s,57x46
Street Art Murals,Street_Art_Murals_15.jpg,"https://encrypted-tbn2.gstatic.com/faviconV2?url=https://vagabundler.com&client=IMAGE_SEARCH&size=16&type=FAVICON&fallback_opts=TYPE,SIZE,URL",16x16
Street Art Murals,Street_Art_Murals_16.jpg,https://encrypted-tbn0.gstatic.com/images?q=tbn:ANd9GcRLULsIoLwbFOsBYwCpHVck9pl0tHkn4Gg6PA&s,183x275
Street Art Murals,Street_Art_Murals_17.jpg,https://encrypted-tbn0.gstatic.com/images?q=tbn:ANd9GcSXY6HYZu7fsBscn35upvmaQUvoBafFn5-1Dw&s,299x168
Street Art Murals,Street_Art_Murals_18.jpg,https://encrypted-tbn0.gstatic.com/images?q=tbn:ANd9GcSN-DFeb6ZVhk_Rd6tGOUZ6Tuf-bZbMwEZqUg&s,300x168
Street Art Murals,Street_Art_Murals_19.jpg,https://encrypted-tbn0.gstatic.com/images?q=tbn:ANd9GcSXXOHXQ-qno_0B9y-a-iVTz5M2-pMudThmgA&s,275x183
Street Art Murals,Street_Art_Murals_20.jpg,https://encrypted-tbn0.gstatic.com/images?q=tbn:ANd9GcQqOXM2p9FyzvNbOCLR83s_vu2xbhYlOMDMsw&s,275x183
Street Art Murals,Street_Art_Murals_21.jpg,https://encrypted-tbn0.gstatic.com/images?q=tbn:ANd9GcQjKQH7zmUtHG-fmE9NV7Oqr1g16IWzmxuR52Zs10ugrCiZHBhfU3irDfA2&s,46x46
Street Art Murals,Street_Art_Murals_22.jpg,https://encrypted-tbn0.gstatic.com/images?q=tbn:ANd9GcT5f4MsjP76hH9VlzXtr92bDQY64L59pRUPqQ&s,251x201
Street Art Murals,Street_Art_Murals_23.jpg,https://encrypted-tbn0.gstatic.com/images?q=tbn:ANd9GcSx9Dw_195qxLvlEdIK9oLamzUHtSL3y6C5sQ&s,275x183
Street Art Murals,Street_Art_Murals_24.jpg,https://encrypted-tbn0.gstatic.com/images?q=tbn:ANd9GcQ0CMKZ08HUWMZRBX1snR4hzcJGXkSkrBu_qg&s,275x183
Street Art Murals,Street_Art_Murals_25.jpg,https://encrypted-tbn0.gstatic.com/images?q=tbn:ANd9GcR0EnA_6pMuCCvH4wQZoW4gFPN5wOXmV4Ri-Q&s,225x225
Street Art Murals,Street_Art_Murals_26.jpg,https://encrypted-tbn0.gstatic.com/images?q=tbn:ANd9GcRhb3VsdAsKrdOvVmTg2qXJpm3pKso3tTmBmA&s,284x177
Street Art Murals,Street_Art_Murals_27.jpg,https://encrypted-tbn0.gstatic.com/images?q=tbn:ANd9GcRtrIcGmbAKC5VqiY_NakShdveQjB3GJU67vw&s,194x259
Street Art Murals,Street_Art_Murals_28.jpg,https://encrypted-tbn0.gstatic.com/images?q=tbn:ANd9GcSnRmwnpLrBAIiEYGeY1oOFhZLnPoWyXzUZMSl3FF8ONOInZFjmuyRT&s=0,50x50
Street Art Murals,Street_Art_Murals_29.jpg,https://encrypted-tbn0.gstatic.com/images?q=tbn:ANd9GcTUVAClX83Hq6EW3aWpaJiOMV6TQJcU3C52Vw&s,296x170
Street Art Murals,Street_Art_Murals_30.jpg,https://encrypted-tbn0.gstatic.com/images?q=tbn:ANd9GcRemtVrWhgrifCi0grk4_grRC8J87aeUoagjw&s,276x183
Street Art Murals,Street_Art_Murals_31.jpg,https://encrypted-tbn0.gstatic.com/images?q=tbn:ANd9GcRcVNPF5ONq1eumiSAw95k3c7-smEG-Rr6aGg&s,259x194
Street Art Murals,Street_Art_Murals_32.jpg,https://encrypted-tbn0.gstatic.com/images?q=tbn:ANd9GcRKn0nDbNfgB-_yIYU6-7nly6tO4_9RASwblA&s,275x183
Street Art Murals,Street_Art_Murals_33.jpg,https://encrypted-tbn0.gstatic.com/images?q=tbn:ANd9GcS-GqD7G6I9sDnYwX-jlPSfaNaH4K857wGmFg&s,259x194
Street Art Murals,Street_Art_Murals_34.jpg,"https://encrypted-tbn3.gstatic.com/faviconV2?url=https://www.islands.com&client=IMAGE_SEARCH&size=16&type=FAVICON&fallback_opts=TYPE,SIZE,URL",14x16
Street Art Murals,Street_Art_Murals_35.jpg,https://encrypted-tbn0.gstatic.com/images?q=tbn:ANd9GcTrm54zkUo0kYmPURecB_c9YtvEUQouM8GlOg&s,245x206
Street Art Murals,Street_Art_Murals_36.jpg,https://encrypted-tbn0.gstatic.com/images?q=tbn:ANd9GcRr91zuzIqWqhOhV_49sLzW3_iKOtSAUP5xDA&s,186x271
Street Art Murals,Street_Art_Murals_37.jpg,https://encrypted-tbn0.gstatic.com/images?q=tbn:ANd9GcSyBebZfcubOGmRjlBQNMRjWE0XgZgPmTI0GQ&s,259x194
Street Art Murals,Street_Art_Murals_38.jpg,https://encrypted-tbn0.gstatic.com/images?q=tbn:ANd9GcQXtZ4FUmDKvV63EJ0rVDZgoLTHFbM-ZT3Atw&s,275x183
Street Art Murals,Street_Art_Murals_39.jpg,https://encrypted-tbn0.gstatic.com/images?q=tbn:ANd9GcQam8OAj9ZmwwWcG1KihIMknNvEG8SWhSgVgw&s,259x194
Street Art Murals,Street_Art_Murals_41.jpg,https://encrypted-tbn0.gstatic.com/images?q=tbn:ANd9GcSDbxIvJxbK4Rvf6Jba_6vS-c7VnLDH5x0yGEECwSGt0p9hWJHZxZSZpcjo&s,82x46
Street Art Murals,Street_Art_Murals_42.jpg,https://encrypted-tbn0.gstatic.com/images?q=tbn:ANd9GcQMndx5z5zN9RpFzJpY64a29TMmcXt1BXXycw&s,275x183
Street Art Murals,Street_Art_Murals_43.jpg,"https://encrypted-tbn0.gstatic.com/faviconV2?url=https://www.decadeonrestoration.org&client=IMAGE_SEARCH&size=16&type=FAVICON&fallback_opts=TYPE,SIZE,URL",16x16
Street Art Murals,Street_Art_Murals_44.jpg,https://encrypted-tbn0.gstatic.com/images?q=tbn:ANd9GcTmtRou85eeqlwBYhcWZSUC4Whl3h6XCGu_sg&s,275x183
Street Art Murals,Street_Art_Murals_45.jpg,https://encrypted-tbn0.gstatic.com/images?q=tbn:ANd9GcSp18Tk8YcJaHuGmLZYrjAzRxFi2LpO9SurbQ&s,201x251
Street Art Murals,Street_Art_Murals_46.jpg,https://encrypted-tbn0.gstatic.com/images?q=tbn:ANd9GcQB0bzmf0o8aJAb9YPoZLxjKFbMoU_X_Ev32Q&s,290x174
Street Art Murals,Street_Art_Murals_47.jpg,https://encrypted-tbn0.gstatic.com/images?q=tbn:ANd9GcRuWdGpn0XTSf-GVHpcXiMWlwBhg81fqiWJFg&s,276x183
Street Art Murals,Street_Art_Murals_48.jpg,https://encrypted-tbn0.gstatic.com/images?q=tbn:ANd9GcQy14Zv6GxK0rgmDCB4rv2qD5Owru49uPmJng&s,300x168
Street Art Murals,Street_Art_Murals_49.jpg,https://encrypted-tbn0.gstatic.com/images?q=tbn:ANd9GcTNlnkWi7o77tN6mr3q6H_1lY2cGduIB1YHvg&s,284x177
Street Art Murals,Street_Art_Murals_50.jpg,"https://encrypted-tbn0.gstatic.com/faviconV2?url=https://www.alibaba.com&client=IMAGE_SEARCH&size=16&type=FAVICON&fallback_opts=TYPE,SIZE,URL",16x16
Astronaut Suits,Astronaut_Suits_1.jpg,https://encrypted-tbn0.gstatic.com/images?q=tbn:ANd9GcQCHL2mh0TkM1oUIPgrHO3ukSsPBg5JZ8e8Hg&s,250x202
Astronaut Suits,Astronaut_Suits_2.jpg,https://encrypted-tbn0.gstatic.com/images?q=tbn:ANd9GcRDZRo1AB04rJtpWx6FIChgFBsxyqymfjK6jg&s,300x168
Astronaut Suits,Astronaut_Suits_3.jpg,https://encrypted-tbn0.gstatic.com/images?q=tbn:ANd9GcTIH7-qsvDRhp-OlLfzy6IDQLpkphOJP2i3NA&s,266x190
Astronaut Suits,Astronaut_Suits_4.jpg,https://encrypted-tbn0.gstatic.com/images?q=tbn:ANd9GcSL9ExHRnZTPAKgijS5PPdrF3cg--kdoq9R8g&s,183x275
Astronaut Suits,Astronaut_Suits_5.jpg,"https://encrypted-tbn1.gstatic.com/faviconV2?url=https://stock.adobe.com&client=IMAGE_SEARCH&size=16&type=FAVICON&fallback_opts=TYPE,SIZE,URL",16x16
Astronaut Suits,Astronaut_Suits_6.jpg,https://encrypted-tbn0.gstatic.com/images?q=tbn:ANd9GcTcGABfNOzVk_2dJ6DePZSK0K1wCPleIxRZ0vQOA1rF2b3vuuMm7zLMivU2&s,69x46
Astronaut Suits,Astronaut_Suits_7.jpg,https://encrypted-tbn0.gstatic.com/images?q=tbn:ANd9GcSrbPKcwucHZPc3PSTwJ0jWrqKpNqm7XAg9iQ&s,297x170
Astronaut Suits,Astronaut_Suits_8.jpg,https://encrypted-tbn0.gstatic.com/images?q=tbn:ANd9GcTwmnxIvyVqAFOL53LyHK-NLRF7tlf7sOjpMg&s,275x183
Astronaut Suits,Astronaut_Suits_9.jpg,https://encrypted-tbn0.gstatic.com/images?q=tbn:ANd9GcQVpw4J3iXI1fYv4bc1-XYNDnNwnq2CcpDAtg&s,225x224
Astronaut Suits,Astronaut_Suits_10.jpg,https://encrypted-tbn0.gstatic.com/images?q=tbn:ANd9GcRQsaMtavkiY4-84DdnbcBE25DmNFs8pQ6EYQ&s,318x159
Astronaut Suits,Astronaut_Suits_11.jpg,https://encrypted-tbn0.gstatic.com/images?q=tbn:ANd9GcTT7dqIYnH6aJm3UwW4fqRwylDsW0J0B2vjZw&s,260x194
Astronaut Suits,Astronaut_Suits_12.jpg,https://encrypted-tbn0.gstatic.com/images?q=tbn:ANd9GcQWVnMNudeJe30itOb5wchQJmoV6L9qYlkoFTEWvCKo&s=0,50x50
Astronaut Suits,Astronaut_Suits_13.jpg,https://encrypted-tbn0.gstatic.com/images?q=tbn:ANd9GcQtOUFbZPrhbz09Pb2lrJLJEcC9AffYtUb92g&s,198x254
Astronaut Suits,Astronaut_Suits_14.jpg,https://encrypted-tbn0.gstatic.com/images?q=tbn:ANd9GcSysfR_0nFjL_Aw6vA7ZQ4IiB7x9gexrwA9eicsobODNUewoZS4Aym0&s=0,50x50
Astronaut Suits,Astronaut_Suits_15.jpg,"https://encrypted-tbn2.gstatic.com/faviconV2?url=https://www.wi-fi.org&client=IMAGE_SEARCH&size=16&type=FAVICON&fallback_opts=TYPE,SIZE,URL",16x16
Astronaut Suits,Astronaut_Suits_16.jpg,https://encrypted-tbn0.gstatic.com/images?q=tbn:ANd9GcTUlu25hdRF81D-ySyQZZals2dPSr0sO_YXMA&s,284x177
Astronaut Suits,Astronaut_Suits_17.jpg,https://encrypted-tbn0.gstatic.com/images?q=tbn:ANd9GcSx_bzoM1qftO_OlmitOshKYnh4omDJqUbzNQ&s,212x238
Astronaut Suits,Astronaut_Suits_18.jpg,https://encrypted-tbn0.gstatic.com/images?q=tbn:ANd9GcT6puEpVZDSGhoOObKLX5zweN1l3ZZc6h6AJ6zhi8fBXReX3kZTpWf8lgTL&s,61x46
Astronaut Suits,Astronaut_Suits_19.jpg,"https://encrypted-tbn1.gstatic.com/faviconV2?url=https://www.nationalmuseum.af.mil&client=IMAGE_SEARCH&size=16&type=FAVICON&fallback_opts=TYPE,SIZE,URL",16x16
Astronaut Suits,Astronaut_Suits_20.jpg,https://encrypted-tbn0.gstatic.com/images?q=tbn:ANd9GcSi_O3clMTrhHHMajBXrKMmvhxLdT90d5IExA&s,259x194
Astronaut Suits,Astronaut_Suits_21.jpg,https://encrypted-tbn0.gstatic.com/images?q=tbn:ANd9GcRTO6xOSCK4UkvyhfYP5x4qT9WaGYWnCATrGw&s,264x191
Astronaut Suits,Astronaut_Suits_22.jpg,"https://encrypted-tbn1.gstatic.com/faviconV2?url=https://www.wsj.com&client=IMAGE_SEARCH&size=16&type=FAVICON&fallback_opts=TYPE,SIZE,URL",16x16
Astronaut Suits,Astronaut_Suits_23.jpg,https://encrypted-tbn0.gstatic.com/images?q=tbn:ANd9GcQX401Dulojh3s2rsQ5LMCA8fJm16iPOgXLaw&s,300x168
Astronaut Suits,Astronaut_Suits_24.jpg,https://encrypted-tbn0.gstatic.com/images?q=tbn:ANd9GcQpmeMYYi_4RTyJuo9gnFOhdCXnoxIWeTJAkA&s,177x285
Astronaut Suits,Astronaut_Suits_25.jpg,https://encrypted-tbn0.gstatic.com/images?q=tbn:ANd9GcQ7bu2UHvRvWbBIRAwa6yfqoA6iiH0pNew-Cw&s,174x290
Astronaut Suits,Astronaut_Suits_26.jpg,https://encrypted-tbn0.gstatic.com/images?q=tbn:ANd9GcShE60XLERVNIbCvfn7v9ItwKlH-53NTEhoMg&s,201x251
Astronaut Suits,Astronaut_Suits_27.jpg,"https://encrypted-tbn2.gstatic.com/faviconV2?url=https://science.howstuffworks.com&client=IMAGE_SEARCH&size=16&type=FAVICON&fallback_opts=TYPE,SIZE,URL",16x16
Astronaut Suits,Astronaut_Suits_28.jpg,https://encrypted-tbn0.gstatic.com/images?q=tbn:ANd9GcTod9VcOrMRKCmtoZ0kHknsHUt6en_R4896VUmhvJm5&s=0,50x50
Astronaut Suits,Astronaut_Suits_29.jpg,https://encrypted-tbn0.gstatic.com/images?q=tbn:ANd9GcTzN0rqMqQ-BKWkyekyi0JsjTrxmBq6tV6pMw&s,300x168
Astronaut Suits,Astronaut_Suits_30.jpg,https://encrypted-tbn0.gstatic.com/images?q=tbn:ANd9GcQj6egjYbYkFydyfGbMbv3FxMx817PDIeBzCA&s,183x275
Astronaut Suits,Astronaut_Suits_31.jpg,https://encrypted-tbn0.gstatic.com/images?q=tbn:ANd9GcQpLnVWTa0zzLB6HOYSiy9V7uKCcfeV6Lvp6g&s,259x194
Astronaut Suits,Astronaut_Suits_32.jpg,https://encrypted-tbn0.gstatic.com/images?q=tbn:ANd9GcSYYovfVVnIn6ukTE_zyIKk8PQhsUztKjG9_g&s,276x183
Astronaut Suits,Astronaut_Suits_33.jpg,https://encrypted-tbn0.gstatic.com/images?q=tbn:ANd9GcQvETd3kjUge_KMYfKniWFI8iMwIBwL0_3XBg&s,183x275
Astronaut Suits,Astronaut_Suits_34.jpg,https://encrypted-tbn0.gstatic.com/images?q=tbn:ANd9GcRq9OIPSapx-NX9x0_6ntkaLHgrWpYaJfKbvg&s,194x259
Astronaut Suits,Astronaut_Suits_35.jpg,https://encrypted-tbn0.gstatic.com/images?q=tbn:ANd9GcTu00jYCyJ719IwrSaV_c8Z2mghQ9aTvvgydRoiBcawXuQITxvL6vuRnO6A&s,46x46
Astronaut Suits,Astronaut_Suits_36.jpg,https://encrypted-tbn0.gstatic.com/images?q=tbn:ANd9GcTPiP8EBZNb9UwFFtgoNLEClEmdt7TIp54aIA&s,159x318
Astronaut Suits,Astronaut_Suits_37.jpg,https://encrypted-tbn0.gstatic.com/images?q=tbn:ANd9GcQWujOwIHNe9U21p7ioOaGpwW-KmEaPyTFmyA&s,183x275
Astronaut Suits,Astronaut_Suits_38.jpg,https://encrypted-tbn0.gstatic.com/images?q=tbn:ANd9GcQpGfWHhJlc_jUuV0-PFMlMY0a1MPPDgtYDeg&s,255x197
Astronaut Suits,Astronaut_Suits_40.jpg,https://encrypted-tbn0.gstatic.com/images?q=tbn:ANd9GcQMkMgZe7ywqTOPMn3Z_swB_n_1jNF8gLgYl4DpXDiZfWlNLKDJ9ax4gEFF&s,46x77
Astronaut Suits,Astronaut_Suits_41.jpg,"https://encrypted-tbn2.gstatic.com/faviconV2?url=https://cen.acs.org&client=IMAGE_SEARCH&size=16&type=FAVICON&fallback_opts=TYPE,SIZE,URL",16x16
Astronaut Suits,Astronaut_Suits_42.jpg,"https://encrypted-tbn2.gstatic.com/faviconV2?url=https://www.nytimes.com&client=IMAGE_SEARCH&size=16&type=FAVICON&fallback_opts=TYPE,SIZE,URL",16x16
Astronaut Suits,Astronaut_Suits_43.jpg,https://encrypted-tbn0.gstatic.com/images?q=tbn:ANd9GcT1fdDAwNoD3IduohUit5alTWhNA1lkhcMIYQ&s,135x374
Astronaut Suits,Astronaut_Suits_44.jpg,https://encrypted-tbn0.gstatic.com/images?q=tbn:ANd9GcTephwcabre2DoJepO-Ke81ed6dBjkgZjzE2g&s,273x185
Astronaut Suits,Astronaut_Suits_45.jpg,https://encrypted-tbn0.gstatic.com/images?q=tbn:ANd9GcRQtQm8W0AOW5DzyITVzjmXyTPK1-TDJ6NCTQ&s,259x194
Astronaut Suits,Astronaut_Suits_46.jpg,https://encrypted-tbn0.gstatic.com/images?q=tbn:ANd9GcS-u_HPnh6x8PkMpvIxu2YKsi-qFFSMUwoFmA&s,279x180
Astronaut Suits,Astronaut_Suits_47.jpg,https://encrypted-tbn0.gstatic.com/images?q=tbn:ANd9GcTjvUaaLrzGeOCCjgfttdpVfx5LUYeXtM27yrzjCPa7fKDB55ZbvLCoVlW9&s,69x46
Astronaut Suits,Astronaut_Suits_48.jpg,https://encrypted-tbn0.gstatic.com/images?q=tbn:ANd9GcTDNH1bhF-1nVqZ9qLppXTm0x-ZUBJSA2GdUH_lqstsgPB6zfKahTbj-X2Q&s,47x46
Astronaut Suits,Astronaut_Suits_49.jpg,https://encrypted-tbn0.gstatic.com/images?q=tbn:ANd9GcQE8vuu7o1vCv40Zw2PvaIWv7kxMQRQb3I-Jw&s,225x225
Astronaut Suits,Astronaut_Suits_50.jpg,https://encrypted-tbn0.gstatic.com/images?q=tbn:ANd9GcQCJXzOkEZgSzoF54yJDPd4fazbzVkpdVgggA&s,229x220
Ancient Ruins,Ancient_Ruins_1.jpg,https://encrypted-tbn0.gstatic.com/images?q=tbn:ANd9GcSteTckJ1uHEkV70BXqJUXUMYMfM8Cp-Xc_Bg&s,300x168
Ancient Ruins,Ancient_Ruins_2.jpg,https://encrypted-tbn0.gstatic.com/images?q=tbn:ANd9GcQtCvLMUW3nQT-UU_3fc87wTEXIG5JuiQnTFQ&s,259x194
Ancient Ruins,Ancient_Ruins_3.jpg,https://encrypted-tbn0.gstatic.com/images?q=tbn:ANd9GcQ3RTXddUG5w9Xnks_uxwOF4UiftPpcTbujzA&s,299x168
Ancient Ruins,Ancient_Ruins_4.jpg,"https://encrypted-tbn3.gstatic.com/faviconV2?url=https://www.tripadvisor.co.za&client=IMAGE_SEARCH&size=16&type=FAVICON&fallback_opts=TYPE,SIZE,URL",16x16
Ancient Ruins,Ancient_Ruins_5.jpg,"https://encrypted-tbn0.gstatic.com/faviconV2?url=https://blenderartists.org&client=IMAGE_SEARCH&size=16&type=FAVICON&fallback_opts=TYPE,SIZE,URL",16x16
Ancient Ruins,Ancient_Ruins_6.jpg,https://encrypted-tbn0.gstatic.com/images?q=tbn:ANd9GcT3-squQ-zQ-H3Eklf_r7dJjtLIpIZYGgMArn5zp3UHWZ0wb9-WTOpiHcVU&s,61x46
Ancient Ruins,Ancient_Ruins_7.jpg,https://encrypted-tbn0.gstatic.com/images?q=tbn:ANd9GcTIphzGHpGLmh44PMn7pkGvuF-oNS0o76IO-g&s,275x183
Ancient Ruins,Ancient_Ruins_8.jpg,https://encrypted-tbn0.gstatic.com/images?q=tbn:ANd9GcTI9Y375dwjxTkmFODzzdHR1Ef0O-QuEsVWNw&s,275x183
Ancient Ruins,Ancient_Ruins_9.jpg,"https://encrypted-tbn0.gstatic.com/faviconV2?url=https://globerovers.com&client=IMAGE_SEARCH&size=16&type=FAVICON&fallback_opts=TYPE,SIZE,URL",16x16
Ancient Ruins,Ancient_Ruins_10.jpg,https://encrypted-tbn0.gstatic.com/images?q=tbn:ANd9GcSGLzfymCaPfFvldtBpi7reXEu1K1kwc_wM6A&s,275x183
Ancient Ruins,Ancient_Ruins_11.jpg,https://encrypted-tbn0.gstatic.com/images?q=tbn:ANd9GcRtAASD32uROFfYrLc5JuGvfKQZVWYlpgaqBQ&s,300x168
Ancient Ruins,Ancient_Ruins_12.jpg,https://encrypted-tbn0.gstatic.com/images?q=tbn:ANd9GcS3aDkKHjsHD_b0KJFSKUUHELxGM4CxPmA6qw403daXVVN8iEJ01cmA6hOd&s,69x46
Ancient Ruins,Ancient_Ruins_13.jpg,https://encrypted-tbn0.gstatic.com/images?q=tbn:ANd9GcQu18KrkNYNaAgPhessXHZpU0IjYOR51MC1-Q&s,225x225
Ancient Ruins,Ancient_Ruins_14.jpg,https://encrypted-tbn0.gstatic.com/images?q=tbn:ANd9GcQkwTHZ-eEZTM8b41TG4GVu3gDROfwzDlWlyg&s,300x168
Ancient Ruins,Ancient_Ruins_15.jpg,https://encrypted-tbn0.gstatic.com/images?q=tbn:ANd9GcQk0oCyMqTNil7MdcmLbhCdv-W0LkOG5xOmEg&s,310x163
Ancient Ruins,Ancient_Ruins_16.jpg,https://encrypted-tbn0.gstatic.com/images?q=tbn:ANd9GcSNCo-WVR3vTr5UYgec02_JhfxIFm_QSzhIU38IQiTwBLqynuj4OzmQk0mC&s,61x46
Ancient Ruins,Ancient_Ruins_17.jpg,https://encrypted-tbn0.gstatic.com/images?q=tbn:ANd9GcSjHBSViDJ4rfF4m29o-KOBCNN_7jJBKpmKGwiS5mk74zCHlLKurmH_grDa&s,71x46
Ancient Ruins,Ancient_Ruins_18.jpg,https://encrypted-tbn0.gstatic.com/images?q=tbn:ANd9GcQ9vwAZxXEEwNYVGn1j7yM7VmE4_DVBa11LRQ&s,275x183
Ancient Ruins,Ancient_Ruins_19.jpg,https://encrypted-tbn0.gstatic.com/images?q=tbn:ANd9GcQjFDzr5JDgP-7trDg3yUZbMJZl14KJx60U3Q&s,225x225
Ancient Ruins,Ancient_Ruins_20.jpg,"https://encrypted-tbn1.gstatic.com/faviconV2?url=https://whc.unesco.org&client=IMAGE_SEARCH&size=16&type=FAVICON&fallback_opts=TYPE,SIZE,URL",16x16
Ancient Ruins,Ancient_Ruins_21.jpg,https://encrypted-tbn0.gstatic.com/images?q=tbn:ANd9GcR1ij8tIyDvUJciDogpiG08Zean2Rol5W89hg&s,260x194
Ancient Ruins,Ancient_Ruins_22.jpg,https://encrypted-tbn0.gstatic.com/images?q=tbn:ANd9GcTvHiBjOjHhnGdMpi7mv6pdcLPU0aJgMPCYmw&s,276x183
Ancient Ruins,Ancient_Ruins_23.jpg,https://encrypted-tbn0.gstatic.com/images?q=tbn:ANd9GcTfDPauik9QQ_jqoNSND8gdtUdMzYRE9hjskP1_P84o&s=0,50x50
Ancient Ruins,Ancient_Ruins_24.jpg,https://encrypted-tbn0.gstatic.com/images?q=tbn:ANd9GcTic6CKA57SLHoFVr7jS1wc-shzeelQyW2Now&s,275x184
Ancient Ruins,Ancient_Ruins_25.jpg,https://encrypted-tbn0.gstatic.com/images?q=tbn:ANd9GcTY58zRuFdpU5jGTKNAdmbpD1iifFfDjYeRkQ&s,259x194
Ancient Ruins,Ancient_Ruins_26.jpg,https://encrypted-tbn0.gstatic.com/images?q=tbn:ANd9GcQTvZFPSN1deFySgRaHPv8AzGBKjlVJr2rm_us9d_3Ko6RAbJNyZNacdhky&s,68x46
Ancient Ruins,Ancient_Ruins_27.jpg,https://encrypted-tbn0.gstatic.com/images?q=tbn:ANd9GcQXPGPlWwHVdRrk5SZWB9wIp5Zqui12lOmv92ItrdX9&s=0,50x50
Ancient Ruins,Ancient_Ruins_28.jpg,https://encrypted-tbn0.gstatic.com/images?q=tbn:ANd9GcTNEY1QZL-3Y07VhjFqy_RgEG0j8DX9YxDIjA&s,365x138
Ancient Ruins,Ancient_Ruins_29.jpg,https://encrypted-tbn0.gstatic.com/images?q=tbn:ANd9GcSo3c1T6br2Utd-pX5FHnJNJ_nNRBQTEtFKPw&s,263x191
Ancient Ruins,Ancient_Ruins_30.jpg,https://encrypted-tbn0.gstatic.com/images?q=tbn:ANd9GcRdWpO13NKpAUSfIHNeMIQVm6U1LJBncnlxnw&s,300x168
Ancient Ruins,Ancient_Ruins_31.jpg,https://encrypted-tbn0.gstatic.com/images?q=tbn:ANd9GcS77ZFxfsKZX1q4twKLoAJbnJndifh62cT-kw&s,275x183
Ancient Ruins,Ancient_Ruins_32.jpg,"https://encrypted-tbn3.gstatic.com/faviconV2?url=https://kantipurdental.edu.np&client=IMAGE_SEARCH&size=16&type=FAVICON&fallback_opts=TYPE,SIZE,URL",16x16
Ancient Ruins,Ancient_Ruins_33.jpg,https://encrypted-tbn0.gstatic.com/images?q=tbn:ANd9GcRwwxAp2uzoDms6pMKoA1E3b15CL4EVz5qJlMj5o_MTwVCX6EG_DN3FlyLE&s,82x46
Ancient Ruins,Ancient_Ruins_34.jpg,"https://encrypted-tbn2.gstatic.com/faviconV2?url=https://www.walksofitaly.com&client=IMAGE_SEARCH&size=16&type=FAVICON&fallback_opts=TYPE,SIZE,URL",16x16
Ancient Ruins,Ancient_Ruins_35.jpg,"https://encrypted-tbn2.gstatic.com/faviconV2?url=https://www.gadventures.com&client=IMAGE_SEARCH&size=16&type=FAVICON&fallback_opts=TYPE,SIZE,URL",16x16
Ancient Ruins,Ancient_Ruins_36.jpg,https://encrypted-tbn0.gstatic.com/images?q=tbn:ANd9GcRESfqIln7-Ufi8UOQy4fvpClTL4heKoKj4wA&s,259x194
Ancient Ruins,Ancient_Ruins_37.jpg,https://encrypted-tbn0.gstatic.com/images?q=tbn:ANd9GcTPIo1MbYQ9RCow0PMqEzxVJJfPtCBdtpX-2w&s,311x162
Ancient Ruins,Ancient_Ruins_38.jpg,https://encrypted-tbn0.gstatic.com/images?q=tbn:ANd9GcQ7K1U6mnu2uyp00KkQwO-WSHEX6kyArTqhyw&s,300x168
Ancient Ruins,Ancient_Ruins_39.jpg,"https://encrypted-tbn0.gstatic.com/faviconV2?url=https://www.greeka.com&client=IMAGE_SEARCH&size=16&type=FAVICON&fallback_opts=TYPE,SIZE,URL",16x16
Ancient Ruins,Ancient_Ruins_40.jpg,https://encrypted-tbn0.gstatic.com/images?q=tbn:ANd9GcQBI2SpVWxSyNsKCo5Yrt-BAENMV9e14cOmOQ&s,259x194
Ancient Ruins,Ancient_Ruins_42.jpg,https://encrypted-tbn0.gstatic.com/images?q=tbn:ANd9GcQybeRa7VeB7MzLeKufisqh7R2Ii-oymUv7hR59SkJXz3dfd1n7Cy7E&s=0,50x50
Ancient Ruins,Ancient_Ruins_43.jpg,https://encrypted-tbn0.gstatic.com/images?q=tbn:ANd9GcSQUxYGdqZoJmxevFXOzyZt4GIxXYm4t1FUSw&s,300x168
Ancient Ruins,Ancient_Ruins_44.jpg,https://encrypted-tbn0.gstatic.com/images?q=tbn:ANd9GcQOHWim8AaEYyNl7fsMDVmQRFBz6NxSez6kqA&s,265x190
Ancient Ruins,Ancient_Ruins_45.jpg,https://encrypted-tbn0.gstatic.com/images?q=tbn:ANd9GcQN2wmlYgnXuX3MVPeU2DCp3kqJW62bZK3H1g&s,309x163
Ancient Ruins,Ancient_Ruins_46.jpg,https://encrypted-tbn0.gstatic.com/images?q=tbn:ANd9GcSjWfpiuqTS0OXjQPmv_CQaqWZqhcxzPFXA_Q&s,280x180
Ancient Ruins,Ancient_Ruins_47.jpg,"https://encrypted-tbn2.gstatic.com/faviconV2?url=https://jonistravelling.com&client=IMAGE_SEARCH&size=16&type=FAVICON&fallback_opts=TYPE,SIZE,URL",16x16
Ancient Ruins,Ancient_Ruins_48.jpg,https://encrypted-tbn0.gstatic.com/images?q=tbn:ANd9GcQaRZTQ_StIY6mwUbE7Mpj9qx05A4QSxOH0uw&s,300x168
Ancient Ruins,Ancient_Ruins_49.jpg,"https://encrypted-tbn1.gstatic.com/faviconV2?url=https://www.machutravelperu.com&client=IMAGE_SEARCH&size=16&type=FAVICON&fallback_opts=TYPE,SIZE,URL",16x16
Ancient Ruins,Ancient_Ruins_50.jpg,https://encrypted-tbn0.gstatic.com/images?q=tbn:ANd9GcSjiDnMPp6N8L3Zp8G-uGgsco260RcEn2ez5g&s,266x190
Futuristic Cities,Futuristic_Cities_1.jpg,https://encrypted-tbn0.gstatic.com/images?q=tbn:ANd9GcTqdHyrUB9iqOtgIEShLUNjblXdWKWqEjeB97c5-MH0qApvajdUufhSHrRA&s,46x46
Futuristic Cities,Futuristic_Cities_2.jpg,"https://encrypted-tbn2.gstatic.com/faviconV2?url=https://www.linkedin.com&client=IMAGE_SEARCH&size=16&type=FAVICON&fallback_opts=TYPE,SIZE,URL",16x16
Futuristic Cities,Futuristic_Cities_3.jpg,https://encrypted-tbn0.gstatic.com/images?q=tbn:ANd9GcRJ0ye5tK4Ofe8Prc3u4glfOy5-LDyyXbCd0A&s,300x168
Futuristic Cities,Futuristic_Cities_4.jpg,https://encrypted-tbn0.gstatic.com/images?q=tbn:ANd9GcTEA11yQh7ay4E5K2Kt6qFaMAAetyNA-AIVzg&s,290x174
Futuristic Cities,Futuristic_Cities_5.jpg,"https://encrypted-tbn2.gstatic.com/faviconV2?url=https://www.travelandleisureasia.com&client=IMAGE_SEARCH&size=16&type=FAVICON&fallback_opts=TYPE,SIZE,URL",16x16
Futuristic Cities,Futuristic_Cities_6.jpg,https://encrypted-tbn0.gstatic.com/images?q=tbn:ANd9GcRxkGGTzGGQW9Tr0UTPhQGAAj5pDrgplNik-A&s,285x177
Futuristic Cities,Futuristic_Cities_7.jpg,https://encrypted-tbn0.gstatic.com/images?q=tbn:ANd9GcTiqBN3fobG755YoPEnHtxsT6JBaVu7vEVlGg&s,290x174
Futuristic Cities,Futuristic_Cities_8.jpg,"https://encrypted-tbn2.gstatic.com/faviconV2?url=https://in.pinterest.com&client=IMAGE_SEARCH&size=16&type=FAVICON&fallback_opts=TYPE,SIZE,URL",16x16
Futuristic Cities,Futuristic_Cities_9.jpg,https://encrypted-tbn0.gstatic.com/images?q=tbn:ANd9GcS4fAjct36NBZ3cUUGgsLnHFpXJ9fdQxWCVkw&s,274x184
Futuristic Cities,Futuristic_Cities_10.jpg,https://encrypted-tbn0.gstatic.com/images?q=tbn:ANd9GcQ-l0Ucos-e4rByyJeQnJkgNlEjl3tj4NGIGWhjSo-P&s=0,50x50
Futuristic Cities,Futuristic_Cities_11.jpg,"https://encrypted-tbn2.gstatic.com/faviconV2?url=https://www.adanirealty.com&client=IMAGE_SEARCH&size=16&type=FAVICON&fallback_opts=TYPE,SIZE,URL",16x16
Futuristic Cities,Futuristic_Cities_12.jpg,https://encrypted-tbn0.gstatic.com/images?q=tbn:ANd9GcQG1gUKIFN_c7KS8EgVOwjvptUP8lOo7UikLXwFPy9fzZga0kSJOcL6t1AI&s,82x46
Futuristic Cities,Futuristic_Cities_13.jpg,https://encrypted-tbn0.gstatic.com/images?q=tbn:ANd9GcS7_kh9axSJWhve_nsxdgpz9tbMGtUxVrilUg&s,225x225
Futuristic Cities,Futuristic_Cities_14.jpg,https://encrypted-tbn0.gstatic.com/images?q=tbn:ANd9GcT-RDCui21D5bNKDcbSVEpJOaEr8ayFd1M_3A&s,275x183
Futuristic Cities,Futuristic_Cities_15.jpg,"https://encrypted-tbn0.gstatic.com/faviconV2?url=https://www.thenationalnews.com&client=IMAGE_SEARCH&size=16&type=FAVICON&fallback_opts=TYPE,SIZE,URL",16x16
Futuristic Cities,Futuristic_Cities_16.jpg,https://encrypted-tbn0.gstatic.com/images?q=tbn:ANd9GcS74Ss4O872cUKucIrIsWgfV8XS3Wy7956BbQ&s,306x165
Futuristic Cities,Futuristic_Cities_17.jpg,"https://encrypted-tbn1.gstatic.com/faviconV2?url=https://www.skyscrapercity.com&client=IMAGE_SEARCH&size=16&type=FAVICON&fallback_opts=TYPE,SIZE,URL",16x16
Futuristic Cities,Futuristic_Cities_18.jpg,https://encrypted-tbn0.gstatic.com/images?q=tbn:ANd9GcTVytWv_LBlaI9hwxy7qfcWa6ojPOs5HrLBArEEaT7Uj2duR8ZBuTnEvHSQ&s,46x46
Futuristic Cities,Futuristic_Cities_19.jpg,"https://encrypted-tbn2.gstatic.com/faviconV2?url=https://www.nationalgeographic.com&client=IMAGE_SEARCH&size=16&type=FAVICON&fallback_opts=TYPE,SIZE,URL",16x16
Futuristic Cities,Futuristic_Cities_20.jpg,https://encrypted-tbn0.gstatic.com/images?q=tbn:ANd9GcRT4spP9fQWKbBorbgHTOoRSI3eMqIf3s3H2A&s,300x168
Futuristic Cities,Futuristic_Cities_21.jpg,https://encrypted-tbn0.gstatic.com/images?q=tbn:ANd9GcTWbpXNJ9shwlGI8IuiIQx9zfwR0MJ8JlpaAQ&s,294x171
Futuristic Cities,Futuristic_Cities_22.jpg,https://encrypted-tbn0.gstatic.com/images?q=tbn:ANd9GcT-ekfimMlmkyLbBkhnSyt6bAWevRGCjvu8rJESrZIovjLITR6OP7P2ztjE&s,46x55
Futuristic Cities,Futuristic_Cities_23.jpg,https://encrypted-tbn0.gstatic.com/images?q=tbn:ANd9GcT1eDC-0chrQklTsfMuG47kc2eG-P_pAVJy8Q&s,367x137
Futuristic Cities,Futuristic_Cities_24.jpg,https://encrypted-tbn0.gstatic.com/images?q=tbn:ANd9GcSg2r1W1zEIV09EsZPSaVW6JBW3sY7rdYK-wQ&s,189x266
Futuristic Cities,Futuristic_Cities_25.jpg,https://encrypted-tbn0.gstatic.com/images?q=tbn:ANd9GcSGUI2VcfQn-DpPiv4pG8WixOSkTxmIwo0x5A&s,263x192
Futuristic Cities,Futuristic_Cities_26.jpg,https://encrypted-tbn0.gstatic.com/images?q=tbn:ANd9GcS5xsErTvAECxBlYHAXjX0ByAE251wzBku43A&s,189x267
Futuristic Cities,Futuristic_Cities_27.jpg,https://encrypted-tbn0.gstatic.com/images?q=tbn:ANd9GcSYfxQlhX3MFaz9kF2hTrCKY3JPnwROQhQCziilB2AK5zkY-eANkMcs&s=0,50x50
Futuristic Cities,Futuristic_Cities_28.jpg,"https://encrypted-tbn1.gstatic.com/faviconV2?url=https://newatlas.com&client=IMAGE_SEARCH&size=16&type=FAVICON&fallback_opts=TYPE,SIZE,URL",16x16
Futuristic Cities,Futuristic_Cities_29.jpg,https://encrypted-tbn0.gstatic.com/images?q=tbn:ANd9GcTRMr-ebmXfD768eXVBCAhXo704TPLk2L_TPhJzK8MwvHlDGtYDf0MRvFuJ&s,69x46
Futuristic Cities,Futuristic_Cities_30.jpg,https://encrypted-tbn0.gstatic.com/images?q=tbn:ANd9GcR6rvuxIl4jEMvxTO2f3mDpRqiohbBKHl7S0g&s,299x168
Futuristic Cities,Futuristic_Cities_31.jpg,https://encrypted-tbn0.gstatic.com/images?q=tbn:ANd9GcSeIo04oaDXDLlrCgJiMnl6qjWqdbNoDQS6cA&s,300x168
Futuristic Cities,Futuristic_Cities_32.jpg,https://encrypted-tbn0.gstatic.com/images?q=tbn:ANd9GcQ6QgT0vP_Aisg1LxCdd_g9j2FLSr9i7LoGug&s,278x181
Futuristic Cities,Futuristic_Cities_33.jpg,https://encrypted-tbn0.gstatic.com/images?q=tbn:ANd9GcQUQ9xtyoCfPOGC-FwMk0zD0-AedGYHzkQuWA&s,299x168
Futuristic Cities,Futuristic_Cities_34.jpg,https://encrypted-tbn0.gstatic.com/images?q=tbn:ANd9GcS1UArCtsUYAGjJUmlBFjBqYZqxwG8evA--_g&s,300x168
Futuristic Cities,Futuristic_Cities_35.jpg,https://encrypted-tbn0.gstatic.com/images?q=tbn:ANd9GcSzZvSqv6LMHv2Tb_5m-0MSs0ijg-UZDWb4Dw&s,251x201
Futuristic Cities,Futuristic_Cities_36.jpg,"https://encrypted-tbn1.gstatic.com/faviconV2?url=https://parametric-architecture.com&client=IMAGE_SEARCH&size=16&type=FAVICON&fallback_opts=TYPE,SIZE,URL",16x16
Futuristic Cities,Futuristic_Cities_37.jpg,https://encrypted-tbn0.gstatic.com/images?q=tbn:ANd9GcSKchwtWUS6ianUDX2sNzdgkahKVfOk0I43pg&s,218x231
Futuristic Cities,Futuristic_Cities_39.jpg,https://encrypted-tbn0.gstatic.com/images?q=tbn:ANd9GcQHgda5C2nZEitLeAs9lvciboVrLx8bADYBFA&s,293x172
Futuristic Cities,Futuristic_Cities_40.jpg,https://encrypted-tbn0.gstatic.com/images?q=tbn:ANd9GcSlLtQbwEo6xt5JMIMiNdrkht0dsVYtCx7pWlbRDVDjdhCpYloTjO5IbDhj&s,46x46
Futuristic Cities,Futuristic_Cities_41.jpg,https://encrypted-tbn0.gstatic.com/images?q=tbn:ANd9GcTg-9PB5876KC7JqPXa90K26MSI1aQpCxmMnA&s,294x171
Futuristic Cities,Futuristic_Cities_42.jpg,https://encrypted-tbn0.gstatic.com/images?q=tbn:ANd9GcQR7yS4JHDFJPv46pm9JLyq0Uogtd19L-8G1A&s,276x183
Futuristic Cities,Futuristic_Cities_43.jpg,https://encrypted-tbn0.gstatic.com/images?q=tbn:ANd9GcTL-3g9x7OGZKbWdilUNFHEXdYXN2veBDFLoA&s,299x168
Futuristic Cities,Futuristic_Cities_44.jpg,https://encrypted-tbn0.gstatic.com/images?q=tbn:ANd9GcTLpXf-hrPBs1SWSjkeJvj6nv2FfH_HMWZGcw&s,300x168
Futuristic Cities,Futuristic_Cities_45.jpg,https://encrypted-tbn0.gstatic.com/images?q=tbn:ANd9GcSQTdffNMVwLX4-_FNFvZikVC1V1wa576mloQ&s,159x318
Futuristic Cities,Futuristic_Cities_46.jpg,https://encrypted-tbn0.gstatic.com/images?q=tbn:ANd9GcSfPcafLp9UH9sj0sazXGFJVHqiv6PXzR52eg&s,300x168
Futuristic Cities,Futuristic_Cities_47.jpg,https://encrypted-tbn0.gstatic.com/images?q=tbn:ANd9GcQ7V4PBMKVUzTQjFJM0xUD4pfyVRlOEgnvWZw&s,300x168
Futuristic Cities,Futuristic_Cities_48.jpg,https://encrypted-tbn0.gstatic.com/images?q=tbn:ANd9GcR5Jut31Z43xPByF87d_AlmEsl6tH87A7UCiSBlrb1n&s=0,50x50
Futuristic Cities,Futuristic_Cities_49.jpg,https://encrypted-tbn0.gstatic.com/images?q=tbn:ANd9GcRgnPVpm94wITWH-x6KEt_UcuU0mzgzQIqLgw&s,259x194
Futuristic Cities,Futuristic_Cities_50.jpg,https://encrypted-tbn0.gstatic.com/images?q=tbn:ANd9GcQmq55RRCH21RcmavTiIa_Xn2nq3E93DemEQQ&s,389x129
Exotic Fruits,Exotic_Fruits_1.jpg,https://encrypted-tbn0.gstatic.com/images?q=tbn:ANd9GcRGuqOsb25Hoh7S1Kp1E5rOSwiEAvbNiEqRCg&s,300x168
Exotic Fruits,Exotic_Fruits_2.jpg,https://encrypted-tbn0.gstatic.com/images?q=tbn:ANd9GcSBt3tIZBmD3MU0NmyAnWgh7eV--gDb46xeOw&s,177x284
Exotic Fruits,Exotic_Fruits_3.jpg,"https://encrypted-tbn0.gstatic.com/faviconV2?url=https://www.flipkart.com&client=IMAGE_SEARCH&size=16&type=FAVICON&fallback_opts=TYPE,SIZE,URL",16x16
Exotic Fruits,Exotic_Fruits_4.jpg,https://encrypted-tbn0.gstatic.com/images?q=tbn:ANd9GcTFQW2CB7gZ-2MCEmYCdGS4CxMl4SnXSAGZuQ&s,207x244
Exotic Fruits,Exotic_Fruits_5.jpg,https://encrypted-tbn0.gstatic.com/images?q=tbn:ANd9GcSYbFwxM_HM__1NmDMV_25TBW1ndmLg5tqYgU-yVHOAeC6bwQumldz8wCVn&s,46x69
Exotic Fruits,Exotic_Fruits_6.jpg,https://encrypted-tbn0.gstatic.com/images?q=tbn:ANd9GcTPn39hcQvWa2gGmSsacGnVF-lCaj5LdXmtzg&s,259x194
Exotic Fruits,Exotic_Fruits_7.jpg,https://encrypted-tbn0.gstatic.com/images?q=tbn:ANd9GcQs40gr9fMEm5PmSj6kUjQ5i_mOh7JavBVg3w&s,225x225
Exotic Fruits,Exotic_Fruits_8.jpg,https://encrypted-tbn0.gstatic.com/images?q=tbn:ANd9GcRwt6nD6mUayzbwn5pOOsKrhXstkbbepOokOw&s,225x225
Exotic Fruits,Exotic_Fruits_9.jpg,https://encrypted-tbn0.gstatic.com/images?q=tbn:ANd9GcRnUSRtoEAn2q0-S5DsJDY-Q-tKNJ9zMzdTrA&s,197x255
Exotic Fruits,Exotic_Fruits_10.jpg,https://encrypted-tbn0.gstatic.com/images?q=tbn:ANd9GcQgiVBhGN2yMrhoi7nqqTS_Af5yiMudmqiHlQ&s,311x162
Exotic Fruits,Exotic_Fruits_11.jpg,https://encrypted-tbn0.gstatic.com/images?q=tbn:ANd9GcRzD6d8P6E0ypMSKxPEhG_mAY30wAx0i1kpOA&s,310x162
Exotic Fruits,Exotic_Fruits_12.jpg,https://encrypted-tbn0.gstatic.com/images?q=tbn:ANd9GcQ-6NHHh9YMoPK8HDRxqPSxOpp1ZZelHtipeA&s,227x222
Exotic Fruits,Exotic_Fruits_13.jpg,https://encrypted-tbn0.gstatic.com/images?q=tbn:ANd9GcSX6ooiICR32VQZ5pBpb_TGmaKuKHnacZalpA&s,275x183
Exotic Fruits,Exotic_Fruits_14.jpg,https://encrypted-tbn0.gstatic.com/images?q=tbn:ANd9GcQgtXzhoTA5pzmnTqWsX2ZLZNKJ_G88_k9pAmzdMv2MNippiHDUAVnEAQhp&s,46x74
Exotic Fruits,Exotic_Fruits_15.jpg,https://encrypted-tbn0.gstatic.com/images?q=tbn:ANd9GcStmgBO20pjTGIPbD8Bael3_VoYQm93qPeAEkI1sOkwyg-B3y78awP3pvUL&s,69x46
Exotic Fruits,Exotic_Fruits_16.jpg,https://encrypted-tbn0.gstatic.com/images?q=tbn:ANd9GcQfUnpdX357mPyiDXEI0M9U_gmwn1wOCiZMMA&s,286x176
Exotic Fruits,Exotic_Fruits_17.jpg,https://encrypted-tbn0.gstatic.com/images?q=tbn:ANd9GcTI8hDwOu-MWxO3YQFnUbVNoAyKvqcqQ7Vewg&s,275x183
Exotic Fruits,Exotic_Fruits_18.jpg,"https://encrypted-tbn2.gstatic.com/faviconV2?url=https://www.amazon.in&client=IMAGE_SEARCH&size=16&type=FAVICON&fallback_opts=TYPE,SIZE,URL",16x16
Exotic Fruits,Exotic_Fruits_19.jpg,https://encrypted-tbn0.gstatic.com/images?q=tbn:ANd9GcRPj1OG_TmUvKk8-_LBCyKLcUKsL8ng0wUBaw&s,225x225
Exotic Fruits,Exotic_Fruits_20.jpg,https://encrypted-tbn0.gstatic.com/images?q=tbn:ANd9GcRMeb-EckzKTvtGtS_7S0E8_ueOj5_FD2M1Pg&s,225x225
Exotic Fruits,Exotic_Fruits_21.jpg,https://encrypted-tbn0.gstatic.com/images?q=tbn:ANd9GcTpiEHHiimJLcxnqxg1ijtLl2krKV7Uq9bD4A&s,300x168
Exotic Fruits,Exotic_Fruits_22.jpg,"https://encrypted-tbn3.gstatic.com/faviconV2?url=https://thefarmersonwheels.com&client=IMAGE_SEARCH&size=16&type=FAVICON&fallback_opts=TYPE,SIZE,URL",16x16
Exotic Fruits,Exotic_Fruits_23.jpg,https://encrypted-tbn0.gstatic.com/images?q=tbn:ANd9GcRDXMIULULFtOpsjjxBwBz2u5lhb-Dbv--4DA&s,284x177
Exotic Fruits,Exotic_Fruits_24.jpg,"https://encrypted-tbn3.gstatic.com/faviconV2?url=https://justmeandmybackpack.com&client=IMAGE_SEARCH&size=16&type=FAVICON&fallback_opts=TYPE,SIZE,URL",16x16
Exotic Fruits,Exotic_Fruits_25.jpg,"https://encrypted-tbn3.gstatic.com/faviconV2?url=https://www.alamy.com&client=IMAGE_SEARCH&size=16&type=FAVICON&fallback_opts=TYPE,SIZE,URL",16x16
Exotic Fruits,Exotic_Fruits_26.jpg,https://encrypted-tbn0.gstatic.com/images?q=tbn:ANd9GcTTVydSwwf09G3rz7BSMHF7Te0FNvw84Ushgw&s,168x299
Exotic Fruits,Exotic_Fruits_27.jpg,https://encrypted-tbn0.gstatic.com/images?q=tbn:ANd9GcQexHBK5DcLZdUVdLQZ1lGxg1fHQ5gUiveEkA&s,194x259
Exotic Fruits,Exotic_Fruits_28.jpg,https://encrypted-tbn0.gstatic.com/images?q=tbn:ANd9GcSs8fuGg86018_BbWpH4laMHrzo4Te1rTw1zfHceniFL5TnrlMBlzOu36o4&s,69x46
Exotic Fruits,Exotic_Fruits_29.jpg,https://encrypted-tbn0.gstatic.com/images?q=tbn:ANd9GcTodYnc9XFycq1tt19K1EM50JKSQg-Hn10n8w&s,275x183
Exotic Fruits,Exotic_Fruits_30.jpg,https://encrypted-tbn0.gstatic.com/images?q=tbn:ANd9GcSQZVmEbU6rf-hrrltmRCkkXmodfonKOnrSDA&s,300x168
Exotic Fruits,Exotic_Fruits_31.jpg,https://encrypted-tbn0.gstatic.com/images?q=tbn:ANd9GcQGabvtXrk1-xcyosGeVsqM64NF6toHl7aeEg&s,259x194
Exotic Fruits,Exotic_Fruits_32.jpg,https://encrypted-tbn0.gstatic.com/images?q=tbn:ANd9GcQl1vsrVCTz1JVdiw79luE6xCYslahN0pENwA&s,225x225
Exotic Fruits,Exotic_Fruits_33.jpg,https://encrypted-tbn0.gstatic.com/images?q=tbn:ANd9GcRSnEvzktyvhK-hed4QpLuml9J70xdBGs_26g&s,259x194
Exotic Fruits,Exotic_Fruits_34.jpg,https://encrypted-tbn0.gstatic.com/images?q=tbn:ANd9GcToWpKo4JtcHwYv521TfFJPzomnViKvGcBHs0seDqrZR9u2DnXpRReN6LnD&s,46x46
Exotic Fruits,Exotic_Fruits_35.jpg,https://encrypted-tbn0.gstatic.com/images?q=tbn:ANd9GcTa92xoTu_bSaNwTDwY_wc6tOqJdfzNw23RdA&s,195x258
Exotic Fruits,Exotic_Fruits_36.jpg,https://encrypted-tbn0.gstatic.com/images?q=tbn:ANd9GcTnWuU1qmP9DSPcMPvksdwRQTMc6MWDHdz-RzNHasHm9tSQSZCNLZpFtAFt&s,80x46
Exotic Fruits,Exotic_Fruits_37.jpg,https://encrypted-tbn0.gstatic.com/images?q=tbn:ANd9GcSY8lpEu54s4N5NSpbkS31MoQwfxfp8vGp60g&s,259x194
Exotic Fruits,Exotic_Fruits_39.jpg,https://encrypted-tbn0.gstatic.com/images?q=tbn:ANd9GcRrNX7gqi4T2SdrQGSYAMFFlydMpmaur88m6ODMZXSK&s=0,50x50
Exotic Fruits,Exotic_Fruits_40.jpg,"https://encrypted-tbn3.gstatic.com/faviconV2?url=https://namrata-kohli.com&client=IMAGE_SEARCH&size=16&type=FAVICON&fallback_opts=TYPE,SIZE,URL",16x16
Exotic Fruits,Exotic_Fruits_41.jpg,"https://encrypted-tbn2.gstatic.com/faviconV2?url=https://www.youtube.com&client=IMAGE_SEARCH&size=16&type=FAVICON&fallback_opts=TYPE,SIZE,URL",16x16
Exotic Fruits,Exotic_Fruits_42.jpg,https://encrypted-tbn0.gstatic.com/images?q=tbn:ANd9GcTKa78YZxmmMYSiWxkWUCdSpUh6eSSb1KlqIA&s,282x179
Exotic Fruits,Exotic_Fruits_43.jpg,https://encrypted-tbn0.gstatic.com/images?q=tbn:ANd9GcSZiWZTHYw4c5zpmM8PB1EqUcSBSshP5NtmgA&s,277x182
Exotic Fruits,Exotic_Fruits_44.jpg,https://encrypted-tbn0.gstatic.com/images?q=tbn:ANd9GcRFQ4JzS3K2atAZVHdhQql4hoCnFu1JZdTNAQ&s,299x168
Exotic Fruits,Exotic_Fruits_45.jpg,https://encrypted-tbn0.gstatic.com/images?q=tbn:ANd9GcQZJ6NdCeoizWzI0oQn2vJXBGyyQzThXMxINA&s,388x130
Exotic Fruits,Exotic_Fruits_46.jpg,"https://encrypted-tbn2.gstatic.com/faviconV2?url=https://rajasthanstudio.com&client=IMAGE_SEARCH&size=16&type=FAVICON&fallback_opts=TYPE,SIZE,URL",16x16
Exotic Fruits,Exotic_Fruits_47.jpg,https://encrypted-tbn0.gstatic.com/images?q=tbn:ANd9GcQgiHWOlVXibDPzxqHlR_wm5ZHItpwiV1G-N6AmKlDy&s=0,50x50
Exotic Fruits,Exotic_Fruits_48.jpg,https://encrypted-tbn0.gstatic.com/images?q=tbn:ANd9GcRYRD7DPIPP3k5OhbW4Nha1L8s3z37JcqcTJw&s,178x284
Exotic Fruits,Exotic_Fruits_49.jpg,https://encrypted-tbn0.gstatic.com/images?q=tbn:ANd9GcSuTa4ESierxC--6tjBPfH0rTT6asOQFzcN6yYDxhHS_7eao68o3g1n&s=0,50x50
Exotic Fruits,Exotic_Fruits_50.jpg,https://encrypted-tbn0.gstatic.com/images?q=tbn:ANd9GcQMTSQa5hdnsl0MOqJS28XWCe-Owo6bXEE_0Q&s,276x183
Handmade Pottery,Handmade_Pottery_1.jpg,https://encrypted-tbn0.gstatic.com/images?q=tbn:ANd9GcRmpvKMac8FWk1aI6cLy23QtPHwpLurZoHbYA&s,225x225
Handmade Pottery,Handmade_Pottery_2.jpg,https://encrypted-tbn0.gstatic.com/images?q=tbn:ANd9GcQqph-T64PShhKmPx9j7uAmyistcTdJubLs6w&s,225x225
Handmade Pottery,Handmade_Pottery_3.jpg,https://encrypted-tbn0.gstatic.com/images?q=tbn:ANd9GcRoY4gG1z-ApvqB_7Wqqd3gNSy_CzJsQveq-7P7KGmbPQuw7Yv33-JW_vRY&s,46x50
Handmade Pottery,Handmade_Pottery_4.jpg,https://encrypted-tbn0.gstatic.com/images?q=tbn:ANd9GcQoq_a3lTMF_xg1QgFZYgWDkrfNBhIoLLOXRA&s,225x225
Handmade Pottery,Handmade_Pottery_5.jpg,https://encrypted-tbn0.gstatic.com/images?q=tbn:ANd9GcTDGuLLO4E7mavnbORglOqyPT2nrMoKanToRw&s,225x225
Handmade Pottery,Handmade_Pottery_6.jpg,https://encrypted-tbn0.gstatic.com/images?q=tbn:ANd9GcStoher6PoHflNCxL0D83UjaABxvHVudxbSXA&s,198x255
Handmade Pottery,Handmade_Pottery_7.jpg,https://encrypted-tbn0.gstatic.com/images?q=tbn:ANd9GcQTBh_Ifjp-Nu1eu_2vN6r74yKywW4kG8LvOA&s,225x225
Handmade Pottery,Handmade_Pottery_8.jpg,https://encrypted-tbn0.gstatic.com/images?q=tbn:ANd9GcRgXh7vp3p38Ut12S2PoRWWOC8tTrYCabqhFw&s,259x194
Handmade Pottery,Handmade_Pottery_9.jpg,"https://encrypted-tbn1.gstatic.com/faviconV2?url=https://stock.adobe.com&client=IMAGE_SEARCH&size=16&type=FAVICON&fallback_opts=TYPE,SIZE,URL",16x16
Handmade Pottery,Handmade_Pottery_10.jpg,https://encrypted-tbn0.gstatic.com/images?q=tbn:ANd9GcScnmbNoQPH4COGyzz-ai698hTw_DLkOS8Zjg&s,225x225
Handmade Pottery,Handmade_Pottery_11.jpg,https://encrypted-tbn0.gstatic.com/images?q=tbn:ANd9GcSgJ7k4fsYnS_U2VygK2ZyhyCfRWorzTcwLTE74eOFh6w-uJIobSzSn&s=0,50x50
Handmade Pottery,Handmade_Pottery_12.jpg,https://encrypted-tbn0.gstatic.com/images?q=tbn:ANd9GcT3N7HpcY8WJ5lpg-gWWeu_-CUYWrbKItDPzQ&s,225x225
Handmade Pottery,Handmade_Pottery_13.jpg,https://encrypted-tbn0.gstatic.com/images?q=tbn:ANd9GcS2onRjWAy90GAm9KSGxaC0cBSAIC2RIBk-plf7whrPJj2iNo3Rq_pL&s=0,50x50
Handmade Pottery,Handmade_Pottery_14.jpg,https://encrypted-tbn0.gstatic.com/images?q=tbn:ANd9GcS13yJwVlNVAF6pmnBdRkfFoJmDBFKyyGLzUA&s,294x172
Handmade Pottery,Handmade_Pottery_15.jpg,https://encrypted-tbn0.gstatic.com/images?q=tbn:ANd9GcQzFWxolZuynwYJzuHES3MReckyPcOgNZbAeA&s,183x275
Handmade Pottery,Handmade_Pottery_16.jpg,https://encrypted-tbn0.gstatic.com/images?q=tbn:ANd9GcRJaftmC8HP0GMZbbdwTe5F5zU2ta40zvuzVw&s,262x192
Handmade Pottery,Handmade_Pottery_17.jpg,"https://encrypted-tbn0.gstatic.com/faviconV2?url=https://clayandglaze.in&client=IMAGE_SEARCH&size=16&type=FAVICON&fallback_opts=TYPE,SIZE,URL",16x16
Handmade Pottery,Handmade_Pottery_18.jpg,https://encrypted-tbn0.gstatic.com/images?q=tbn:ANd9GcRfwFbQ0htrhaR3vWeJeZLDM67HBYbCu0hEeQ&s,225x225
Handmade Pottery,Handmade_Pottery_19.jpg,https://encrypted-tbn0.gstatic.com/images?q=tbn:ANd9GcS3U9NPF9SC-pvBd1YH3nCB-Kc5CRU3X0Hetg&s,275x183
Handmade Pottery,Handmade_Pottery_20.jpg,https://encrypted-tbn0.gstatic.com/images?q=tbn:ANd9GcTHYx1cve28xzLTKprSQ-iw45Lx_TkPQnJh43hkpSvcjOVqi6mAF0QsD5ui&s,46x69
Handmade Pottery,Handmade_Pottery_21.jpg,https://encrypted-tbn0.gstatic.com/images?q=tbn:ANd9GcQMolYit2X0TgpULojxcB6NI6H5KCHb3hY2XQ&s,225x225
Handmade Pottery,Handmade_Pottery_22.jpg,https://encrypted-tbn0.gstatic.com/images?q=tbn:ANd9GcTfxW0e9lX214Ruk54ruXG-XfpvNkqzwZN9pg&s,275x183
Handmade Pottery,Handmade_Pottery_23.jpg,https://encrypted-tbn0.gstatic.com/images?q=tbn:ANd9GcR9WR1APJcPFsaB0q4hiLfDWgQMzk4_-NBYaw&s,299x168
Handmade Pottery,Handmade_Pottery_24.jpg,https://encrypted-tbn0.gstatic.com/images?q=tbn:ANd9GcRTU9FnNh_Q7kugUWypUbjTVYHtyubFamn12A&s,411x122
Handmade Pottery,Handmade_Pottery_25.jpg,https://encrypted-tbn0.gstatic.com/images?q=tbn:ANd9GcS00Mf9SG5Mha002fAIdBzohL_7MU6oq89DSA&s,183x275
Handmade Pottery,Handmade_Pottery_26.jpg,https://encrypted-tbn0.gstatic.com/images?q=tbn:ANd9GcS1X-Eedp0nwGOH6ZbFfbYRQXICt6IZ5GMtVQ&s,223x226
Handmade Pottery,Handmade_Pottery_27.jpg,https://encrypted-tbn0.gstatic.com/images?q=tbn:ANd9GcSZXQu6baZNCuNSBHzGVKQmZxIGoddhWRGnqg&s,268x188
Handmade Pottery,Handmade_Pottery_28.jpg,https://encrypted-tbn0.gstatic.com/images?q=tbn:ANd9GcSSaP3BPV4wbqdU_05lPKHPqWwChQ5R-2_WL5oEDY0JbLYaGW5WqkBR9Zfw&s,46x61
Handmade Pottery,Handmade_Pottery_29.jpg,https://encrypted-tbn0.gstatic.com/images?q=tbn:ANd9GcTYyvsXJ5rBPU15Ja-OQbsaSCBB6rDMbCSt5A&s,259x194
Handmade Pottery,Handmade_Pottery_30.jpg,https://encrypted-tbn0.gstatic.com/images?q=tbn:ANd9GcRHCFWlnPbl2JUP_sFiIN-QOWfPCiNwtnS5UA&s,300x168
Handmade Pottery,Handmade_Pottery_31.jpg,https://encrypted-tbn0.gstatic.com/images?q=tbn:ANd9GcSUhQuwI-qfd-F4oDcyjBixymN3BUdSSqc2xw&s,225x225
Handmade Pottery,Handmade_Pottery_32.jpg,"https://encrypted-tbn1.gstatic.com/faviconV2?url=https://www.freepik.com&client=IMAGE_SEARCH&size=16&type=FAVICON&fallback_opts=TYPE,SIZE,URL",16x16
Handmade Pottery,Handmade_Pottery_33.jpg,https://encrypted-tbn0.gstatic.com/images?q=tbn:ANd9GcQgqZB38_ipaZOXtp5eCJqF3qQ8PTn8_1JgPY-3HFRghKF9u3Ryu198Hbwp&s,47x46
Handmade Pottery,Handmade_Pottery_34.jpg,https://encrypted-tbn0.gstatic.com/images?q=tbn:ANd9GcT9K51eyn569Gc4dFCwD0XwUXUsZqL5O3n2lw&s,300x168
Handmade Pottery,Handmade_Pottery_35.jpg,https://encrypted-tbn0.gstatic.com/images?q=tbn:ANd9GcSWNS_SwzBrbtGgPgU9fUK7uzaU5JG7LH9E6A&s,225x225
Handmade Pottery,Handmade_Pottery_36.jpg,https://encrypted-tbn0.gstatic.com/images?q=tbn:ANd9GcRen9X7i3IhKdITDNxqp7LFXlcfNOuBQOPjYw&s,183x275
Handmade Pottery,Handmade_Pottery_37.jpg,https://encrypted-tbn0.gstatic.com/images?q=tbn:ANd9GcRfm7i9OcG4R9wJEMhZQ7YnNQrHPEPuAq_G_A&s,225x225
Handmade Pottery,Handmade_Pottery_38.jpg,https://encrypted-tbn0.gstatic.com/images?q=tbn:ANd9GcRDc4IZ8USmgl77fHeiY22MXSfCtkPVQ-peEg&s,268x188
Handmade Pottery,Handmade_Pottery_40.jpg,https://encrypted-tbn0.gstatic.com/images?q=tbn:ANd9GcTKyN4nzpvLsKjYChTCac8FiXTfYAJ9rYqDtQ&s,225x225
Handmade Pottery,Handmade_Pottery_41.jpg,https://encrypted-tbn0.gstatic.com/images?q=tbn:ANd9GcS1dUuWFdObNlTnUIlHaeqGppoBA8U7TcF11IKou9wJQYp7xHY3z0J8QHW3&s,55x46
Handmade Pottery,Handmade_Pottery_42.jpg,https://encrypted-tbn0.gstatic.com/images?q=tbn:ANd9GcSbTvRAcSYcje_iQSw1faMIuUuvMNk74EwZWg&s,275x183
Handmade Pottery,Handmade_Pottery_43.jpg,https://encrypted-tbn0.gstatic.com/images?q=tbn:ANd9GcSyl0_Z4vqnH3IgteLDcFm-aU_QEU65bDbZlt_MVYnhkT5x12t5kvzbBSOX&s,46x46
Handmade Pottery,Handmade_Pottery_44.jpg,https://encrypted-tbn0.gstatic.com/images?q=tbn:ANd9GcTP4iBwEv6dhbaEnzgCEHH92qGcZgOKvFQVhHfYFcRTClCrTlTehQ8c&s=0,50x50
Handmade Pottery,Handmade_Pottery_45.jpg,https://encrypted-tbn0.gstatic.com/images?q=tbn:ANd9GcRDJbUSxtkFlNU04uv52PM0yixftF1jRPpoeA&s,225x225
Handmade Pottery,Handmade_Pottery_46.jpg,https://encrypted-tbn0.gstatic.com/images?q=tbn:ANd9GcT9DSuWvn8Zfnm1jtdV0U_8Ga2lxv__eZd2_g&s,225x225
Handmade Pottery,Handmade_Pottery_47.jpg,https://encrypted-tbn0.gstatic.com/images?q=tbn:ANd9GcSGbliVsIrzEFDbYD_cjOuT1Q7_iJ0zqtL8JLY0WaYDcerkamRIiPOA&s=0,50x50
Handmade Pottery,Handmade_Pottery_48.jpg,https://encrypted-tbn0.gstatic.com/images?q=tbn:ANd9GcT-159bnDCVM0BxIqJ303HxruFQ9HkxtSrHDGQ4r4gE9r990ved5DBVfDei&s,46x46
Handmade Pottery,Handmade_Pottery_49.jpg,https://encrypted-tbn0.gstatic.com/images?q=tbn:ANd9GcRWuIaHUOsIGkcCUyiHkUphe1Ba0Kk_1Z_Ukg&s,275x183
Handmade Pottery,Handmade_Pottery_50.jpg,https://encrypted-tbn0.gstatic.com/images?q=tbn:ANd9GcQpq5XHmdyARgy762d2g6bdhJ-Jeji4ZTug1A&s,225x225
Wildlife in Snow,Wildlife_in_Snow_1.jpg,https://encrypted-tbn0.gstatic.com/images?q=tbn:ANd9GcR9RKbrrNOGZtszoSJhgS58FPuAWLLFiqs9Ew&s,265x190
Wildlife in Snow,Wildlife_in_Snow_2.jpg,"https://encrypted-tbn1.gstatic.com/faviconV2?url=https://www.pexels.com&client=IMAGE_SEARCH&size=16&type=FAVICON&fallback_opts=TYPE,SIZE,URL",16x16
Wildlife in Snow,Wildlife_in_Snow_3.jpg,"https://encrypted-tbn3.gstatic.com/faviconV2?url=https://blog.nwf.org&client=IMAGE_SEARCH&size=16&type=FAVICON&fallback_opts=TYPE,SIZE,URL",16x16
Wildlife in Snow,Wildlife_in_Snow_4.jpg,https://encrypted-tbn0.gstatic.com/images?q=tbn:ANd9GcQ92npqftxAhi1dLKP30RJOAPX-qnGF-n5qT8SfnuBq06UIPnoy_Xwxb_iO&s,82x46
Wildlife in Snow,Wildlife_in_Snow_5.jpg,https://encrypted-tbn0.gstatic.com/images?q=tbn:ANd9GcSmZkq_8PVdCxMPvXqxzSTkurKvnYFsXYYvHw&s,300x168
Wildlife in Snow,Wildlife_in_Snow_6.jpg,https://encrypted-tbn0.gstatic.com/images?q=tbn:ANd9GcT8xN69hcAXTdWFUUnv_O1vmp4Eocs2a1PsNS1E4tgEkpVxxIpgMZRw&s=0,50x50
Wildlife in Snow,Wildlife_in_Snow_7.jpg,https://encrypted-tbn0.gstatic.com/images?q=tbn:ANd9GcQNpWbsyiOEAZsi-4VDDuCJoyG4UxIWj127pw&s,305x165
Wildlife in Snow,Wildlife_in_Snow_8.jpg,https://encrypted-tbn0.gstatic.com/images?q=tbn:ANd9GcQbp0WuVXg7smb_7aav-CtwXwae8DP71oRtGQ&s,275x183
Wildlife in Snow,Wildlife_in_Snow_9.jpg,https://encrypted-tbn0.gstatic.com/images?q=tbn:ANd9GcSz_K4GZ0zSF2Ewl4D7kYSti7ZpKZOdMOlVIw&s,274x184
Wildlife in Snow,Wildlife_in_Snow_10.jpg,"https://encrypted-tbn3.gstatic.com/faviconV2?url=https://www.devonwildlifetrust.org&client=IMAGE_SEARCH&size=16&type=FAVICON&fallback_opts=TYPE,SIZE,URL",16x16
Wildlife in Snow,Wildlife_in_Snow_11.jpg,https://encrypted-tbn0.gstatic.com/images?q=tbn:ANd9GcQXTP1D5Hpt2_jmaLND5Afw-YENv5JUWIJVCQ&s,310x163
Wildlife in Snow,Wildlife_in_Snow_12.jpg,https://encrypted-tbn0.gstatic.com/images?q=tbn:ANd9GcR26z68dg5dWKYAI88kLOeuyVlssS6us6t_wQ&s,259x194
Wildlife in Snow,Wildlife_in_Snow_13.jpg,https://encrypted-tbn0.gstatic.com/images?q=tbn:ANd9GcTgwd2WVD8rGNsOHJJQPM-7Blujn1KqgByTfQ&s,281x179
Wildlife in Snow,Wildlife_in_Snow_14.jpg,https://encrypted-tbn0.gstatic.com/images?q=tbn:ANd9GcTt3Cv3fDDroxSKyQWmxdRrYQpdlRDTbZ2TKA&s,259x194
Wildlife in Snow,Wildlife_in_Snow_15.jpg,https://encrypted-tbn0.gstatic.com/images?q=tbn:ANd9GcQ_A3p169ed7Tk39DVBANbhSNHyDZXkno-rLA&s,275x183
Wildlife in Snow,Wildlife_in_Snow_16.jpg,https://encrypted-tbn0.gstatic.com/images?q=tbn:ANd9GcQThgqp34J6Dzc2Bx2LX1jeYGAGvV8ndrMlIg&s,260x194
Wildlife in Snow,Wildlife_in_Snow_17.jpg,https://encrypted-tbn0.gstatic.com/images?q=tbn:ANd9GcRDItqosW5JHgN0TOJhqCgaGmtxt5Zr5kSr7Q&s,275x183
Wildlife in Snow,Wildlife_in_Snow_18.jpg,https://encrypted-tbn0.gstatic.com/images?q=tbn:ANd9GcQlEpsU7z58szG9IiMt05DFeXKZyKRiQgyVK-N5RHce89KJH6JzuuDJlRJl&s,82x46
Wildlife in Snow,Wildlife_in_Snow_19.jpg,https://encrypted-tbn0.gstatic.com/images?q=tbn:ANd9GcSKEHd-0ZREGHG_E20RN7dyO9tbbc37QQQnAA&s,275x183
Wildlife in Snow,Wildlife_in_Snow_20.jpg,https://encrypted-tbn0.gstatic.com/images?q=tbn:ANd9GcTj-_LuOZ1Tet89sim-Pa8KXkk-gVgpO-qr4NAKyJKdSHkn8v83YA1KOLoa&s,62x46
Wildlife in Snow,Wildlife_in_Snow_21.jpg,https://encrypted-tbn0.gstatic.com/images?q=tbn:ANd9GcTerhr5-sxwre2wRjXaWe89cUYISgwdoF3tEA&s,287x175
Wildlife in Snow,Wildlife_in_Snow_22.jpg,"https://encrypted-tbn2.gstatic.com/faviconV2?url=https://petapixel.com&client=IMAGE_SEARCH&size=16&type=FAVICON&fallback_opts=TYPE,SIZE,URL",16x16
Wildlife in Snow,Wildlife_in_Snow_23.jpg,https://encrypted-tbn0.gstatic.com/images?q=tbn:ANd9GcQM8mEszBqRQQp2IR7OSt9mHqoq6JKD9v_eDA&s,275x183
Wildlife in Snow,Wildlife_in_Snow_25.jpg,https://encrypted-tbn0.gstatic.com/images?q=tbn:ANd9GcSiy9Rg6i549Qdrz24zHS9e02eoLdURukpmLQ&s,259x194
Wildlife in Snow,Wildlife_in_Snow_26.jpg,https://encrypted-tbn0.gstatic.com/images?q=tbn:ANd9GcThJTM6lu5m7Le-bu8eXRipP_E25P5AvG3HvA&s,275x183
Wildlife in Snow,Wildlife_in_Snow_27.jpg,https://encrypted-tbn0.gstatic.com/images?q=tbn:ANd9GcTFNC03ExdMkgLFeCMGwkGke41WjKQqHCEznQ&s,275x183
Wildlife in Snow,Wildlife_in_Snow_28.jpg,https://encrypted-tbn0.gstatic.com/images?q=tbn:ANd9GcQGhkX_S9sP7jwFiF8Rj8LgxHQ6PKf7IdnbyZfrv4Ws_pHsUOa4Ynia&s=0,50x50
Wildlife in Snow,Wildlife_in_Snow_29.jpg,https://encrypted-tbn0.gstatic.com/images?q=tbn:ANd9GcRmpgpXnCwm4m1eU0NbRCFCHj4ENWU2R4Wz6g&s,274x184
Wildlife in Snow,Wildlife_in_Snow_30.jpg,https://encrypted-tbn0.gstatic.com/images?q=tbn:ANd9GcR1ZDp7EdHFre2avBqnxF5Gkz74CZ5quu8fPA8QVfz0sAs_8gOsuK1ynyYc&s,69x46
Wildlife in Snow,Wildlife_in_Snow_31.jpg,https://encrypted-tbn0.gstatic.com/images?q=tbn:ANd9GcQxeUwONmjC6utz_ozVMaxo6kzX002LXjnrFg&s,275x183
Wildlife in Snow,Wildlife_in_Snow_32.jpg,https://encrypted-tbn0.gstatic.com/images?q=tbn:ANd9GcQcq162R9kvLidjRe3ASWhNa7nOcasg1zlzDw&s,183x275
Wildlife in Snow,Wildlife_in_Snow_33.jpg,https://encrypted-tbn0.gstatic.com/images?q=tbn:ANd9GcRKih9cxAkUVfi7YuS2ASmJFJb6fiS4DX1WIA&s,300x168
Wildlife in Snow,Wildlife_in_Snow_34.jpg,https://encrypted-tbn0.gstatic.com/images?q=tbn:ANd9GcThCIG5peKnlRvlgOfAdIlql1PUsVOzsuRZaA&s,185x272
Wildlife in Snow,Wildlife_in_Snow_35.jpg,"https://encrypted-tbn1.gstatic.com/faviconV2?url=https://www.shutterstock.com&client=IMAGE_SEARCH&size=16&type=FAVICON&fallback_opts=TYPE,SIZE,URL",16x16
Wildlife in Snow,Wildlife_in_Snow_36.jpg,https://encrypted-tbn0.gstatic.com/images?q=tbn:ANd9GcRBhWLs9iBiBYc-1OXeGpuFiNDstFtjHZAXSA&s,290x173
Wildlife in Snow,Wildlife_in_Snow_37.jpg,https://encrypted-tbn0.gstatic.com/images?q=tbn:ANd9GcSZWGRo7O3JKXthJED6uj-fMqynBM5vKIoGhuDFi6g3&s=0,50x50
Wildlife in Snow,Wildlife_in_Snow_38.jpg,https://encrypted-tbn0.gstatic.com/images?q=tbn:ANd9GcR2J-EWCC-HCSVLiP2MkN2qLh8sJzt2fiKn3w&s,251x201
Wildlife in Snow,Wildlife_in_Snow_39.jpg,https://encrypted-tbn0.gstatic.com/images?q=tbn:ANd9GcQZG25DKgviSZGRmsl2LTq34b82G-RedrS-Og&s,277x182
Wildlife in Snow,Wildlife_in_Snow_40.jpg,https://encrypted-tbn0.gstatic.com/images?q=tbn:ANd9GcRqw0jibF9GEzipvaBOn0TekecBsGdR5EhRiRzebjzyZD3OXzhiC67s5_ri&s,61x46
Wildlife in Snow,Wildlife_in_Snow_41.jpg,https://encrypted-tbn0.gstatic.com/images?q=tbn:ANd9GcTodJA-X3upG0cDK_E7eonanXk67IuJbKWdzw&s,275x183
Wildlife in Snow,Wildlife_in_Snow_43.jpg,https://encrypted-tbn0.gstatic.com/images?q=tbn:ANd9GcQU2rvX99kxkvS4SdBRE7TDGYS-PIuqC9KHsn8UqpBYHGBpxINo5kPTLwqd&s,65x46
Wildlife in Snow,Wildlife_in_Snow_44.jpg,https://encrypted-tbn0.gstatic.com/images?q=tbn:ANd9GcQIANHpGxChdnrW0tfykavOXFcpyYhFxH0ywQ&s,318x159
Wildlife in Snow,Wildlife_in_Snow_45.jpg,https://encrypted-tbn0.gstatic.com/images?q=tbn:ANd9GcSY4OCh5Od3FXV5VasUVDdho9MvrIrU6D19gA&s,308x163
Wildlife in Snow,Wildlife_in_Snow_46.jpg,"https://encrypted-tbn1.gstatic.com/faviconV2?url=https://georgiawildlife.com&client=IMAGE_SEARCH&size=16&type=FAVICON&fallback_opts=TYPE,SIZE,URL",16x14
Wildlife in Snow,Wildlife_in_Snow_47.jpg,"https://encrypted-tbn1.gstatic.com/faviconV2?url=https://yellowstonesafari.com&client=IMAGE_SEARCH&size=16&type=FAVICON&fallback_opts=TYPE,SIZE,URL",16x16
Wildlife in Snow,Wildlife_in_Snow_48.jpg,https://encrypted-tbn0.gstatic.com/images?q=tbn:ANd9GcT26WmBWpBwu42Qth8IKMx-pgby5wPsJMX7QA&s,275x183
Wildlife in Snow,Wildlife_in_Snow_49.jpg,https://encrypted-tbn0.gstatic.com/images?q=tbn:ANd9GcTRTpQip5RtKas00El0Ik9bXXyYAKq8OvGRqA&s,277x182
Wildlife in Snow,Wildlife_in_Snow_50.jpg,"https://encrypted-tbn2.gstatic.com/faviconV2?url=https://spca.bc.ca&client=IMAGE_SEARCH&size=16&type=FAVICON&fallback_opts=TYPE,SIZE,URL",16x16
Abstract Paintings,Abstract_Paintings_1.jpg,https://encrypted-tbn0.gstatic.com/images?q=tbn:ANd9GcS5V7RTTpR7dzzIVzUihKVN511a98lav9Qgbg&s,277x182
Abstract Paintings,Abstract_Paintings_2.jpg,https://encrypted-tbn0.gstatic.com/images?q=tbn:ANd9GcRLIO399MLjqgm3VX1IutYybzksSm-mVLg_tXq0vBsbK6Fh5qb1oWfg&s=0,50x50
Abstract Paintings,Abstract_Paintings_3.jpg,https://encrypted-tbn0.gstatic.com/images?q=tbn:ANd9GcQbhHlXAg7Ac0IKJ3OPaCsuRY_3BcEFkjbJiQ&s,224x224
Abstract Paintings,Abstract_Paintings_4.jpg,https://encrypted-tbn0.gstatic.com/images?q=tbn:ANd9GcRJN_a47jjbLknj7eonBOWSsFfx-leUaEqIyw&s,205x246
Abstract Paintings,Abstract_Paintings_5.jpg,https://encrypted-tbn0.gstatic.com/images?q=tbn:ANd9GcSiRmEEjICkvBt94sZK1tROCqVqlyWg4PVUTg&s,225x225
Abstract Paintings,Abstract_Paintings_6.jpg,https://encrypted-tbn0.gstatic.com/images?q=tbn:ANd9GcST6WXQotRgAK-TG-ZT8vRc2N-epsPg0wDZIr_6aParMc7uwdaQ_SptdHO3&s,82x46
Abstract Paintings,Abstract_Paintings_7.jpg,https://encrypted-tbn0.gstatic.com/images?q=tbn:ANd9GcRYnwuvNHYtzzn-OmwccbIzO4cJUT6MDCQ5Lg&s,168x300
Abstract Paintings,Abstract_Paintings_8.jpg,https://encrypted-tbn0.gstatic.com/images?q=tbn:ANd9GcRKhxNXiWaGNquAVdMt5IGDzud0L-U6MAmKBQ&s,224x225
Abstract Paintings,Abstract_Paintings_9.jpg,https://encrypted-tbn0.gstatic.com/images?q=tbn:ANd9GcTeEzXu2hDHCCKraj61QzOOkmrqOrCANVd4Yw&s,297x169
Abstract Paintings,Abstract_Paintings_10.jpg,https://encrypted-tbn0.gstatic.com/images?q=tbn:ANd9GcQEfwS_YdjSMiY0_DOO3FtLSMZRF3duSLLJOnhcxLTZRDOeVeyAaVKy&s=0,50x50
Abstract Paintings,Abstract_Paintings_11.jpg,https://encrypted-tbn0.gstatic.com/images?q=tbn:ANd9GcRNJwCqiZoIkZ-5tMEJ_uoilkuTdzDxKTdNC3qVuyjJim3Mc9AzGpPb9-MP&s,46x62
Abstract Paintings,Abstract_Paintings_12.jpg,https://encrypted-tbn0.gstatic.com/images?q=tbn:ANd9GcQd58CWb5CNJNQSHSmBjvPSFC1TtB1UQRGh-Q&s,225x225
Abstract Paintings,Abstract_Paintings_13.jpg,https://encrypted-tbn0.gstatic.com/images?q=tbn:ANd9GcSqbzqFR_bPVCacpgZyPtnPhMY-ZBsqgfGgIQ&s,199x253
Abstract Paintings,Abstract_Paintings_14.jpg,https://encrypted-tbn0.gstatic.com/images?q=tbn:ANd9GcT6H7lrwXt7aY4LMpuUXzAzn0_Jbq47LEVxtQ&s,243x208
Abstract Paintings,Abstract_Paintings_15.jpg,https://encrypted-tbn0.gstatic.com/images?q=tbn:ANd9GcTfp3RgnkX28Qg2V3uI-pPXNkku9kHrdogqZg&s,225x225
Abstract Paintings,Abstract_Paintings_16.jpg,"https://encrypted-tbn0.gstatic.com/faviconV2?url=https://artstreet.in&client=IMAGE_SEARCH&size=16&type=FAVICON&fallback_opts=TYPE,SIZE,URL",16x16
Abstract Paintings,Abstract_Paintings_17.jpg,https://encrypted-tbn0.gstatic.com/images?q=tbn:ANd9GcTAGvepH1VokFK_L9YVp830KqgeiHJkw4YVMw&s,251x201
Abstract Paintings,Abstract_Paintings_18.jpg,https://encrypted-tbn0.gstatic.com/images?q=tbn:ANd9GcQsoIcpKme1sUL_7-tyztz9nuW95nABbPi9Pw&s,261x193
Abstract Paintings,Abstract_Paintings_19.jpg,https://encrypted-tbn0.gstatic.com/images?q=tbn:ANd9GcQ56qxJijNilW_bISTcoM-bLj9zVFchlECEgbwnhP7m7E9V4a5ax5U0KNQF&s,46x46
Abstract Paintings,Abstract_Paintings_20.jpg,"https://encrypted-tbn3.gstatic.com/faviconV2?url=https://www.exoticindiaart.com&client=IMAGE_SEARCH&size=16&type=FAVICON&fallback_opts=TYPE,SIZE,URL",16x16
Abstract Paintings,Abstract_Paintings_21.jpg,https://encrypted-tbn0.gstatic.com/images?q=tbn:ANd9GcTscDXOV2Q0DxNKrZajmmstrYpUWIVqpYNRt4IF6Xl9gvpo406NiywmLjH0&s,46x46
Abstract Paintings,Abstract_Paintings_22.jpg,https://encrypted-tbn0.gstatic.com/images?q=tbn:ANd9GcQi2rAAN1AQEC-v5uZjISL06AY-bha9We0_2XISgQ8aggAmqcbptHlZViEI&s,46x46
Abstract Paintings,Abstract_Paintings_23.jpg,https://encrypted-tbn0.gstatic.com/images?q=tbn:ANd9GcRiP6PW0CNWGFqMtibtryMiAjCSkDuwr3o-RA&s,225x225
Abstract Paintings,Abstract_Paintings_24.jpg,https://encrypted-tbn0.gstatic.com/images?q=tbn:ANd9GcT2UYA_DHKMI8gNAATtDyN4YIBXm5hLb8wafQ&s,225x224
Abstract Paintings,Abstract_Paintings_25.jpg,https://encrypted-tbn0.gstatic.com/images?q=tbn:ANd9GcQfwMqbpMwqTk7SyhmnzbuwuC-Oo0UADNsp3NyxGlbCvI08BziP4wK9Kl6g&s,46x57
Abstract Paintings,Abstract_Paintings_26.jpg,https://encrypted-tbn0.gstatic.com/images?q=tbn:ANd9GcTienxjWFBzqZI1F7c7jXt1ygW8_pYBxL4iig&s,225x225
Abstract Paintings,Abstract_Paintings_27.jpg,https://encrypted-tbn0.gstatic.com/images?q=tbn:ANd9GcRuHdF4ixXZabh12ExOHBAq-t8kMCjiFFn-Yg&s,225x224
Abstract Paintings,Abstract_Paintings_28.jpg,https://encrypted-tbn0.gstatic.com/images?q=tbn:ANd9GcRdraplySh-sTh_1P5Z3XIPd5i_UotjVC92FQ&s,277x182
Abstract Paintings,Abstract_Paintings_29.jpg,https://encrypted-tbn0.gstatic.com/images?q=tbn:ANd9GcQlVq3lX78BU8Weo1iLe_Mgc7bDWFMXanG-UQ&s,225x225
Abstract Paintings,Abstract_Paintings_30.jpg,"https://encrypted-tbn2.gstatic.com/faviconV2?url=https://tokenz.com&client=IMAGE_SEARCH&size=16&type=FAVICON&fallback_opts=TYPE,SIZE,URL",16x16
Abstract Paintings,Abstract_Paintings_31.jpg,https://encrypted-tbn0.gstatic.com/images?q=tbn:ANd9GcQUsP1tKR7FWKiAfdQNUS82I7bskHTTof_xyw&s,225x225
Abstract Paintings,Abstract_Paintings_32.jpg,https://encrypted-tbn0.gstatic.com/images?q=tbn:ANd9GcSfb8OfsimedqSd678o1g93MmtU6ZCbVzvPCg&s,201x251
Abstract Paintings,Abstract_Paintings_33.jpg,https://encrypted-tbn0.gstatic.com/images?q=tbn:ANd9GcRXEKEn4QIHG0lgXjuUse3qYw8lVPGHv31rXQ&s,197x255
Abstract Paintings,Abstract_Paintings_34.jpg,"https://encrypted-tbn1.gstatic.com/faviconV2?url=https://freerangestock.com&client=IMAGE_SEARCH&size=16&type=FAVICON&fallback_opts=TYPE,SIZE,URL",16x16
Abstract Paintings,Abstract_Paintings_35.jpg,https://encrypted-tbn0.gstatic.com/images?q=tbn:ANd9GcTXz2Q7Pav_QzgtE9OgGehK_X-xHDNY5UqP5A&s,225x225
Abstract Paintings,Abstract_Paintings_36.jpg,https://encrypted-tbn0.gstatic.com/images?q=tbn:ANd9GcRv4ioI5EPxI8yL-V2LO6qaPywpuQtDXVmnr-ncLXHTaVYqqmB614FR&s=0,50x50
Abstract Paintings,Abstract_Paintings_37.jpg,"https://encrypted-tbn0.gstatic.com/faviconV2?url=https://www.vinoxo.in&client=IMAGE_SEARCH&size=16&type=FAVICON&fallback_opts=TYPE,SIZE,URL",16x16
Abstract Paintings,Abstract_Paintings_38.jpg,https://encrypted-tbn0.gstatic.com/images?q=tbn:ANd9GcSfFsP7uVX_iyHHksPNQADAS8tlfETkMe5xRA&s,194x259
Abstract Paintings,Abstract_Paintings_40.jpg,https://encrypted-tbn0.gstatic.com/images?q=tbn:ANd9GcQVbAJ24lDaVy682G0kYvNxrOWrpY0KHtyCjg&s,225x225
Abstract Paintings,Abstract_Paintings_41.jpg,https://encrypted-tbn0.gstatic.com/images?q=tbn:ANd9GcTefotP7lCb10gqAJgs4lNs4PHk8MEXq1b-cw&s,194x260
Abstract Paintings,Abstract_Paintings_42.jpg,https://encrypted-tbn0.gstatic.com/images?q=tbn:ANd9GcR4szXjwzYCFdXxaLjxW5p6cjKrBb9Zq-oI6Q&s,194x259
Abstract Paintings,Abstract_Paintings_43.jpg,https://encrypted-tbn0.gstatic.com/images?q=tbn:ANd9GcTNGN015Bp_0f0kukVMxjaSY-g6kk_u-h9l9Q&s,188x268
Abstract Paintings,Abstract_Paintings_44.jpg,https://encrypted-tbn0.gstatic.com/images?q=tbn:ANd9GcQoLFaARDJuieJV8pcOsDNnBwBQIw1UbwrHeA&s,197x255
Abstract Paintings,Abstract_Paintings_45.jpg,https://encrypted-tbn0.gstatic.com/images?q=tbn:ANd9GcTdZUu5h9SNIfhoaCFm8ahUM8riUkbcJrDFhg&s,278x182
Abstract Paintings,Abstract_Paintings_46.jpg,https://encrypted-tbn0.gstatic.com/images?q=tbn:ANd9GcQKg2TtRE7AOTdLkIt97gpqqeQVf7uAU1Q5FQ&s,225x225
Abstract Paintings,Abstract_Paintings_47.jpg,https://encrypted-tbn0.gstatic.com/images?q=tbn:ANd9GcRbHF-ynZMh-G2-JjmmDf_Aw5d9vAp1DbFDGA&s,299x168
Abstract Paintings,Abstract_Paintings_48.jpg,https://encrypted-tbn0.gstatic.com/images?q=tbn:ANd9GcQIDPOEORaFKSfOE0lx9o96dk2YKAUCFfeGWwM69A9z&s=0,50x50
Abstract Paintings,Abstract_Paintings_49.jpg,https://encrypted-tbn0.gstatic.com/images?q=tbn:ANd9GcRe-R3bobPHz5XUguvvU0UDSYYG6hmFsb9xFg&s,225x225
Abstract Paintings,Abstract_Paintings_50.jpg,https://encrypted-tbn0.gstatic.com/images?q=tbn:ANd9GcQuRI0XXRM1nen6XnTl67AiaUXbTXFO3Vzklg&s,225x225
